0.009255550296579363,0.0012596774456991443,0.0019457812614548102,-0.2840944208905473,-0.01826059054025648,0.041511856640478045,0.4982240176261772,-0.22830327928295646,0.027493751989831394,-0.25507432059321994,0.018076263396070727,-0.002586915149800621,0.5043490916123532,-0.2625365234556402,-0.019089933135409354,0.17655362483232737,0.19379091230495216,0.021528215176050015,0.609838125435546,-0.021158270318565667,-0.03150198948666524,-0.03210466414805831,0.15873895291506426,-0.1875276386841661,-0.02176827876896364,0.6075361106132763,0.016938290374293133,-0.03823526330039067,0.02699172974311734
0.009254804621244523,0.001282249348551798,0.0019117296974428123,-0.28389624636079613,-0.0182541264390138,0.041398715328963026,0.4982477747307703,-0.2286647784299568,0.027428122956299164,-0.2548596556423975,0.018054884712815685,-0.002630292568431384,0.5043409835059873,-0.2628876066288322,-0.019101778252676595,0.17654781262993555,0.19377502823340687,0.02153224419782557,0.6098313014080256,-0.021188557109394112,-0.031461585138504784,-0.032057248115018984,0.1587453296013077,-0.18754596499572435,-0.021738429107056118,0.6075751689312389,0.01695428807182557,-0.03813526134386167,0.026972222995924357
0.009260388756898785,0.0013046447268642296,0.0018783699629015436,-0.28369596729663565,-0.01824715839553884,0.041287058686105695,0.49827796077336567,-0.22902671960268192,0.027362685780991092,-0.2546437847411066,0.018033717839063153,-0.00267327083720439,0.5043405166628901,-0.26323941023810443,-0.01911408530795095,0.17653967163130663,0.1937587998797756,0.021535660034595956,0.6098243691943627,-0.02121829755583742,-0.031421620435352564,-0.03201050373961525,0.15874955594338153,-0.18756378112007802,-0.021708145410619915,0.6076131856145053,0.016969870973523506,-0.03803651066557942,0.02695271172036986
0.009272302557823974,0.0013267990786886192,0.0018455703497385052,-0.2834937385426485,-0.01823965105260756,0.04117689602496608,0.49831483138561383,-0.22938791361805186,0.027297444404523318,-0.2544268852080523,0.01801276072017425,-0.002715970184788485,0.504348043038484,-0.263590817461085,-0.01912673932488927,0.1765289449487605,0.193742206544471,0.021538438470922315,0.6098172576293532,-0.0212475091655458,-0.03138201278568023,-0.03196429693693574,0.1587514130271485,-0.18758107125899628,-0.021677410573380608,0.6076501265938513,0.01698505098001063,-0.03793890521417069,0.026933085760331123
0.009290172601122814,0.0013486211207589197,0.0018129345031779253,-0.2832868667339083,-0.01823158256531998,0.04106806650171002,0.4983610505512784,-0.22974859180663965,0.027232595656414046,-0.254206059807222,0.017991964681936853,-0.0027588031351768755,0.5043660976594551,-0.26394214648765013,-0.019139726421282456,0.1765151236649078,0.19372513922203308,0.021540475319595978,0.6098099355947498,-0.021276269682476718,-0.031342565853908294,-0.03191834407440635,0.1587504909298197,-0.18759777250727708,-0.021646123574424504,0.6076860691427672,0.01699985784477766,-0.03784212296759287,0.026913098025494266
0.00931437683775973,0.0013698309915652527,0.0017812234279948114,-0.28308315451238797,-0.0182227561974276,0.040960470334781694,0.498416565941963,-0.2301057219294188,0.02716815456744658,-0.25398904184180926,0.017971516808668014,-0.0028018873719980186,0.5043945230711764,-0.2642903434160056,-0.01915291909786384,0.17649839117395927,0.19370769548647698,0.02154187529665478,0.6098023439320891,-0.021304537977430305,-0.03130340973174136,-0.031872786077321594,0.15874676618098763,-0.1876139530379022,-0.021614425147714812,0.6077207725961956,0.01701427266730435,-0.03774647077282183,0.026892882133444845
0.009342260066779774,0.0013882065039160006,0.001750144138577695,-0.28288434626717696,-0.01821096159000027,0.04085337653330973,0.4984902932485551,-0.23046147656103227,0.02710462746371522,-0.2537736614017697,0.017953489361938572,-0.002846234286306309,0.504434802932826,-0.2646341665771056,-0.019166443679667605,0.1764784832519567,0.19368974241575973,0.0215424498874499,0.6097946675758077,-0.02133234079994837,-0.0312643195447109,-0.031827452525891135,0.1587401367402997,-0.18762964858743822,-0.021582221981295897,0.6077546527485412,0.017028279927679805,-0.037651571068633344,0.026872309327109628
0.009373143356024053,0.0014027746040149293,0.0017172370475287844,-0.2826940061975884,-0.018194743593087006,0.040747128264670265,0.49858462324092334,-0.2308149109178328,0.02704149593970571,-0.2535621488714463,0.017939180207725967,-0.0028916184167420552,0.504486090102857,-0.2649706532126029,-0.019180034810037914,0.17644798767954928,0.19367130155012452,0.021542263422151067,0.6097874325228776,-0.021359639073606315,-0.031225285979028655,-0.03178237303025744,0.15873075239711104,-0.1876448674393991,-0.021549507813324115,0.6077878112878534,0.017041874216704205,-0.037557505920587514,0.02685142153355974
0.00940542791572756,0.0014164516314381377,0.0016818993274355211,-0.28251347954172834,-0.01817741185984652,0.040642213506542776,0.49869719719749456,-0.23116179674316856,0.026979049646659894,-0.2533610618030615,0.017925283119106586,-0.0029378262976641335,0.50455675289964,-0.2653009631937379,-0.019193445065656744,0.17639510641251313,0.1936524481412586,0.0215413849780711,0.6097810431864806,-0.021386436293850297,-0.031186261281851285,-0.03173751539965995,0.15871858040729006,-0.18765959547827005,-0.021516250888291077,0.6078201687827124,0.017055036333118636,-0.037464265218049284,0.026830204534691617
0.009436815497242242,0.0014299916870606727,0.0016456180921650043,-0.28234416971793025,-0.018159985201291404,0.04053846301611552,0.49882742907657823,-0.23149910133728163,0.026917471821144876,-0.25317331272104077,0.017910779479332437,-0.002985120540028346,0.5046497841254851,-0.26562424874066953,-0.01920655865391915,0.17631279890196114,0.19363321972255096,0.02153985163957873,0.6097753276847964,-0.021412781539810088,-0.03114721319037284,-0.031692808436081146,0.15870355270597353,-0.18767380920829688,-0.02148246387679993,0.6078517713373853,0.017067746988484202,-0.037371787547785466,0.02680859358806233
0.009463136457049019,0.0014429775532092482,0.0016106581394935932,-0.28219169914209974,-0.018141913087587967,0.040436214221946064,0.4989700382221355,-0.23182084776088863,0.026857008121749626,-0.2530044405922892,0.01789627262029938,-0.0030331875081507816,0.5047592588896269,-0.26593399831333814,-0.019219454530754593,0.17620199698334832,0.1936136944794776,0.021537739779449554,0.6097699241498349,-0.021438705615771617,-0.03110824073579379,-0.03164832170277998,0.15868586599865075,-0.18768754884494335,-0.021448215734241056,0.6078826698718206,0.017079961214806504,-0.037280159957111,0.026786650401310924
0.00948267156842082,0.0014553219293504693,0.00157748171437349,-0.282055898778903,-0.01812287885127856,0.04033591901988144,0.4991178544555058,-0.23212184828071705,0.026797667800050457,-0.2528542992820011,0.01788217574392766,-0.0030813597703608277,0.5048774798677094,-0.266224476990563,-0.019231956461143736,0.1760678345724322,0.1935938978734661,0.021535063177313726,0.6097647603872941,-0.021464184135692482,-0.031069377422282725,-0.031604053239028096,0.15866630504776033,-0.18770090745891913,-0.021413572780393755,0.6079134075374778,0.017091632606996573,-0.037189345093615836,0.02676439642781972
0.009496670885400666,0.0014671278449357953,0.0015470813539408186,-0.2819353020871837,-0.018102918316884403,0.040237953702961654,0.4992629542901269,-0.2323979436061305,0.026739352224047566,-0.25272182248343766,0.017868579280717247,-0.003128980864034845,0.5049967772584836,-0.2664913370235207,-0.01924390979236529,0.17591979497714572,0.1935739471040618,0.021531923810839966,0.6097596722425555,-0.021489179181567314,-0.031030810837234406,-0.0315601551085773,0.1586455473023669,-0.18771397095380768,-0.021378683218797198,0.6079440667780482,0.017102733178607676,-0.03709956662251028,0.026741983804850853
0.009503350604482623,0.001478342238460739,0.0015168427926297808,-0.28182837429443663,-0.018081936537053617,0.0401420243374036,0.4994056382797254,-0.23264877159120975,0.026682356395376673,-0.2526048216470402,0.017855598169623964,-0.00317635904836704,0.5051164751533876,-0.26673390538149633,-0.019255308931331386,0.17576018326500878,0.19355378262311268,0.021528250771239935,0.609754706709874,-0.021513655096237167,-0.030992417883382403,-0.03151648573098037,0.1586239434362777,-0.18772691036034808,-0.021343603878939747,0.6079749631297123,0.01711319345273196,-0.037010513373183236,0.026719328855550856
0.009505089351259339,0.0014889155895235389,0.0014883048532085893,-0.2817354572622341,-0.018060778110942137,0.04004812109151178,0.49954040538697747,-0.23287199805564798,0.02662720591817276,-0.252502961151576,0.017842487238449965,-0.0032231802213794894,0.5052296038074536,-0.26694895504923766,-0.019265118460122292,0.1755994519812254,0.19353326575314617,0.02152404396891161,0.6097496324718259,-0.021537551277087622,-0.030954446427953704,-0.031473293894698,0.1586018948522169,-0.18774003751031304,-0.021308657046464115,0.6080058482603424,0.017123060000718032,-0.036922523513802916,0.026696670204825385
0.009501121056988552,0.0014988714289737779,0.0014601666335189766,-0.28165553012123695,-0.018041179807291627,0.039956536214573714,0.49966730773467577,-0.2330680192714025,0.026575448944517865,-0.2524154232837329,0.017827538451074206,-0.0032691622723280507,0.5053367747531482,-0.2671371830492598,-0.01927214196308406,0.17544219068496222,0.19351249128251477,0.021519315485302237,0.6097446666962564,-0.02156077045366347,-0.030916830615298665,-0.031430539706523763,0.15857978831108846,-0.1877534296014173,-0.02127387025568152,0.6080368342226133,0.017132315148444106,-0.036835367089161415,0.02667407654658452
0.009491783590002254,0.00150828058778584,0.00143260973325733,-0.2815879737133687,-0.01802414833967626,0.039867402013368254,0.4997864917925025,-0.23323824287270004,0.026527499108346946,-0.25234253551994257,0.017809767780006133,-0.00331400174009465,0.5054400744790418,-0.26730094494016154,-0.01927561398567435,0.17529564322767457,0.19349182149965627,0.021514351621613116,0.6097398015786699,-0.021583227921169883,-0.030879696112905537,-0.03138833702544724,0.15855804005875673,-0.1877669057956706,-0.021239193422398488,0.6080677465107599,0.01714101728124392,-0.03674917983358369,0.026651775451718908
0.009477417579569452,0.0015171065622291164,0.001405397707507971,-0.28153171649062847,-0.018009681412772423,0.03978086201036412,0.4998979660614476,-0.23338416412414553,0.02648345560902833,-0.25228342462056685,0.017789213836602074,-0.0033573531486015356,0.505539678824069,-0.26744164292626466,-0.019275367914920898,0.17516578226323296,0.1934714279282121,0.02150932705576476,0.6097351448216559,-0.021604858898007125,-0.030843102779450123,-0.031346752220487585,0.15853702678930864,-0.18778040846714164,-0.021204611165612765,0.6080985671165654,0.01714921775735692,-0.03666399829762732,0.026629930843402573
0.009457174233519399,0.0015261964072898456,0.001376013295350891,-0.2814814935604462,-0.017996606151883216,0.03968868869677208,0.5000090310641999,-0.23351693663850895,0.026439344090097065,-0.2522330558941583,0.01776359331921556,-0.003403021245201441,0.5056423893652324,-0.26757007544247124,-0.019270829141315504,0.1750479326645478,0.19344941884129363,0.02150387017733488,0.6097303631945487,-0.021627667524845223,-0.030803582580404148,-0.031301860661064676,0.1585150454990903,-0.18779526893777115,-0.021166728686794912,0.6081322473396524,0.017157736697937326,-0.03657166330006772,0.026606603577193036
0.009437111978413062,0.0015329291935243178,0.0013519735606926054,-0.2814474106862148,-0.017987385384288897,0.03961537795581334,0.5000899065513142,-0.23360496569020017,0.026406235404147167,-0.25220030455937664,0.017741054973070856,-0.003438897086759465,0.5057183791098954,-0.2676548741022817,-0.019264093523002467,0.17497287090607844,0.19343180217513775,0.021499540824376405,0.6097267979968666,-0.0216455094999535,-0.030771809787519398,-0.031265814116476935,0.15849821192965186,-0.18780746027315368,-0.021135874424425334,0.6081596391525407,0.017164337502869956,-0.036497128895698026,0.026588153408932773
0.009410170073912226,0.0015395690878955443,0.0013253661936762974,-0.2814128280574036,-0.017978103463012582,0.039536073461184,0.5001675964769954,-0.23368286958527695,0.02637224699849034,-0.2521682479652736,0.017715022114203147,-0.0034770498247388773,0.5057914842468355,-0.267728790020176,-0.019253998395852425,0.1749162121890173,0.19341280600101185,0.02149495250055144,0.6097231328463831,-0.021664585482035596,-0.03073699117727942,-0.031227205663365162,0.15848135929232007,-0.18782117254120487,-0.021101739908554296,0.6081898381635178,0.01717145909188602,-0.036415155371371404,0.02656917030507664
0.009375160899827303,0.0015454224644592697,0.00129798629139938,-0.2813786904047353,-0.01796962038277428,0.03945883541488044,0.5002385855870131,-0.23374815771852775,0.02634180794146447,-0.25213736535885845,0.01768828254014486,-0.003513599539074816,0.5058582522675791,-0.2677895365301336,-0.019242824907615173,0.17489006235038934,0.19339520336660132,0.02149055384224832,0.609719684756658,-0.021685044730687573,-0.030701630489048396,-0.03119853262292816,0.15847007455912154,-0.18783578698617706,-0.02106772043487893,0.6082193697155949,0.017180503108340222,-0.03633310474899457,0.026560136081791218
0.009288493228075553,0.0015506248001487014,0.0012670434768392172,-0.28130229083587827,-0.01796193324534867,0.03938160833616023,0.5003171172468193,-0.2338264803032248,0.026315735593352593,-0.25206310530271514,0.017661283644229888,-0.0035497879165708205,0.5059307328886589,-0.2678625521213751,-0.019234369757651148,0.17488970162663225,0.19338193154710945,0.021486532566764516,0.6097148839320521,-0.02171481387791402,-0.030661752067770304,-0.031209868578366586,0.15847716128778955,-0.18785389908735656,-0.02103385004066557,0.6082460717922282,0.017199273936926524,-0.0362469197373295,0.02659102176007833
0.00906132674910646,0.0015546561358795992,0.0012288935506837681,-0.2811516010047561,-0.01795509429405128,0.039300341809764425,0.5004051982084282,-0.23393891690506904,0.026292018927374358,-0.2519091657273446,0.017634516487866417,-0.003587281057352553,0.5060050763060252,-0.26796761776751565,-0.019229288951645683,0.17498609869656032,0.19337682140618345,0.021484492739949335,0.6096965338745727,-0.021763605102809946,-0.030614066160663107,-0.03129532976994168,0.15860454498401505,-0.18790709847463313,-0.021000005741629784,0.6082571309995711,0.017237454177256997,-0.036153433685768295,0.026695862542940197
0.008604655022904011,0.0015571324158150906,0.0011893717397027847,-0.28090591041702406,-0.017951497517188508,0.039212741543701406,0.5004890294630935,-0.23412415145245022,0.02626761975346959,-0.25165001861397646,0.017606533884285118,-0.0036232348663042275,0.5060575077546998,-0.2681380163792944,-0.019225378632942224,0.17548231068892117,0.19338698825056555,0.021487599821433764,0.6095432993237627,-0.021848587349109,-0.03055368315564367,-0.03186091917669,0.15913796680596068,-0.18807651299756056,-0.02096719155307388,0.6082241880220769,0.017312337536555096,-0.0360474439851318,0.02735647830038281
0.007844013411206082,0.0015608528364670666,0.0011526900140109858,-0.2805316275515987,-0.017954683395574315,0.039121475966046655,0.5005554467396397,-0.23444452208594851,0.02623535067666102,-0.2512532493523947,0.01757454127839879,-0.003647979048119828,0.5060725819660119,-0.26843241411272867,-0.019217619952044115,0.1767388031665429,0.1935023183290086,0.021494346725092674,0.6090985443818385,-0.021987314839260926,-0.030477334240609555,-0.03356858082740659,0.16042773087676654,-0.18845244779940196,-0.020937259732093906,0.6079404154632946,0.017442111122746795,-0.035924947734044574,0.029182277405216603
0.0067325289579413155,0.0015703366901819722,0.001114922518363764,-0.2799433315004088,-0.0179731785356297,0.039020973047999105,0.5005888531180805,-0.2350022961506305,0.026185412521202597,-0.2506317554650866,0.01753186109583656,-0.0036556450660466294,0.5060330064758299,-0.2689533489608998,-0.01920031184207738,0.1790940339404945,0.19391010375691742,0.021504324023317412,0.6082715498956169,-0.02247544918855275,-0.03038416972061665,-0.036974382968184234,0.1628199122117419,-0.18913900978654324,-0.02091253813938277,0.607284179682544,0.017908663735228977,-0.03578395783117522,0.032695929309315024
0.005362659671652347,0.0015781473459144826,0.0010767678486576057,-0.27909341975585844,-0.01799969408608165,0.03889749802369794,0.5005609658219917,-0.23588320241202884,0.026108920130821504,-0.24970401950425436,0.017487235465066052,-0.0036502855802163065,0.5058482951240557,-0.2697597766165085,-0.01916557989223537,0.18263402102822798,0.19472101337774397,0.021520552862520644,0.6072188789853843,-0.02355692003222191,-0.030284027293783593,-0.04204071843330037,0.16640704212640087,-0.19019078315922827,-0.0208949763632357,0.6063733507890681,0.01900442891893153,-0.03563388753052216,0.0378595149535479
0.003862924254647082,0.0015829210275433178,0.001041997893543439,-0.27787387358895654,-0.018046673175649265,0.038739157865110646,0.50034767810054,-0.23713987754551294,0.025995255071995682,-0.24835483028313676,0.017431435758416398,-0.0036317968362363654,0.5053806242874078,-0.2708946101952936,-0.019108278046500133,0.18731108973399146,0.19598750690096717,0.02154422858539697,0.6060505525273119,-0.0253253631135961,-0.030195374171483023,-0.04880132277655502,0.17113823366596564,-0.19163191677596306,-0.02088522313861477,0.6053066741768861,0.020844090646389108,-0.03549308163499394,0.04469972333238441
0.002352661063221304,0.0015844512245411966,0.0010101356847297131,-0.27617818826800794,-0.018118354179770053,0.03855790086470513,0.4998405170453023,-0.23883460856658273,0.02582345933516767,-0.2464724453864466,0.0173530706453558,-0.003603896631396685,0.5045026352812931,-0.2723962244526646,-0.019030946566170995,0.19292789334663923,0.19771516430907854,0.02157423505728591,0.604860073718715,-0.027838513925577974,-0.0301446978815453,-0.05725943677245975,0.17681698715260988,-0.19345102573064107,-0.020881746375884917,0.6041777072952251,0.02348682668142346,-0.035387657892152743,0.053207666645527105
0.000926660949671139,0.0015837024556354068,0.0009789479927143586,-0.2739945280010464,-0.018179577509169265,0.03845760983721919,0.49904805983577705,-0.24111360714655544,0.02558441896534062,-0.24403114369949946,0.017219424187443846,-0.003635015864400677,0.5031912200943103,-0.2743728274418854,-0.01893804679573041,0.19911576957713334,0.19984401214651598,0.021607907376054447,0.603781419816405,-0.03104529312390335,-0.03015581592821742,-0.06710300061723096,0.18306965878044823,-0.1955806926670529,-0.020881750881947537,0.6031359204806083,0.026860298282648864,-0.03534089922655297,0.0630636942587552
-0.00037409581789600495,0.001693282138827128,0.0008649233496502878,-0.2712193183454659,-0.018347208255334906,0.03861550025205623,0.4981491356513678,-0.245185518825513,0.025326087229095438,-0.24082812918632307,0.016541379238550438,-0.004503237874574124,0.5012307249189539,-0.27671752672521605,-0.018740033507708545,0.2056101186104078,0.2023443864620455,0.021638420443077372,0.6028390724513548,-0.03513312970238995,-0.030264502394785543,-0.07866024743308683,0.18962812827012462,-0.1979780324752841,-0.02087693364971669,0.602201092777024,0.03113502507477502,-0.03538665556392766,0.07458782050975897
-0.0014906187225465807,0.0017780286886303137,0.0005377262836697668,-0.2675675289872331,-0.018510746546490497,0.038997936312517974,0.4970221901915421,-0.25197970737646114,0.024977478619938334,-0.23671135993391865,0.0155249020134536,-0.006004563747946379,0.49868077868767724,-0.28111838778897597,-0.018447713228474914,0.21221471035373227,0.2051713103539202,0.021657645731982148,0.6021180647734774,-0.04025386610306614,-0.030970926947712543,-0.09221834275489099,0.19620703342054555,-0.2006124670303729,-0.020855062156465695,0.6014431991692627,0.03646047276295024,-0.0356995989666945,0.0880324671499921
-0.0023340006034006174,0.001834448114583403,0.00011323103353354973,-0.26317451698825994,-0.018560580510648038,0.03954077984499753,0.4954684731673417,-0.2610116233920531,0.02443480749672505,-0.2318080676874581,0.014432819690411084,-0.007747889905416815,0.4955129439721615,-0.28792489252115655,-0.018165799747102192,0.21852100107456673,0.2082291235102992,0.02166219211003834,0.6016274795203161,-0.04592843424953085,-0.03245602622797818,-0.10668128853848526,0.2024678966058461,-0.2033786468795631,-0.020817132495975575,0.600928227919292,0.0423354859997032,-0.036711283307746666,0.10231204794852235
-0.0030524594713289984,0.0019116816959122572,-0.0003913978477240492,-0.25783018067654456,-0.018561271701469744,0.0402468309134792,0.49336030896810035,-0.2722941239541413,0.024062797091678485,-0.2259132416655279,0.013211233654648833,-0.0097989984484155,0.4916080049180637,-0.2970051308021446,-0.01780691957552129,0.2243049019208316,0.21145873735731316,0.02164149216410123,0.6013732215322545,-0.052127681241469256,-0.03480726334048416,-0.12202783996832692,0.20818651703870758,-0.20625568295289948,-0.020641880541496283,0.6006463183151801,0.04871952067508385,-0.03858233486455984,0.11741778768955825
-0.003586829842522413,0.0019499865337393792,-0.001032006339510722,-0.2506906401298798,-0.018473514580948324,0.041089665901611276,0.4902125446915461,-0.28637816613410366,0.023842292551239846,-0.21820152838080473,0.011957465919876372,-0.012096041477157354,0.48649555139774253,-0.3092199259009904,-0.017533054961542616,0.2299596029240615,0.2151782374669608,0.021463808951570202,0.6012682788323436,-0.05930279455320692,-0.038240827742773875,-0.13939762191819627,0.21376292298427868,-0.20952218957676907,-0.020100993865727713,0.6005019601031724,0.056079651892676,-0.04146299274197882,0.13450545100018385
-0.003947768796472547,0.001962601004346271,-0.001621609397581681,-0.2436356088233685,-0.018350232375153264,0.04185651368521713,0.4869813674352277,-0.2983791630694451,0.02371426181840408,-0.2107060689324767,0.010975120214742276,-0.01400253594163649,0.48168786396159763,-0.32010539722810555,-0.01743109744833112,0.23391612435839634,0.21837753270621824,0.020996181338869147,0.6012717848180871,-0.0653434033059466,-0.04168468083043805,-0.15385712366284743,0.2176762648006713,-0.21225358350284812,-0.01922780850044378,0.6004701358090999,0.062248305365995786,-0.04441721280406556,0.14875653909240874
-0.0041347626192455526,0.001971848475300266,-0.002342123373250282,-0.23480934335888393,-0.01820412640607752,0.0428308495319099,0.48295997170160937,-0.31145440397441265,0.023606358311843132,-0.20145473883431853,0.009869695905012403,-0.01612577543503373,0.47600451891560097,-0.33230567892684676,-0.01738798911477362,0.23751398012050742,0.22204538124281262,0.020069932853589146,0.6015918987374863,-0.07196087165340212,-0.04597153099983109,-0.16963763412069882,0.22126656511956497,-0.21528155528949627,-0.017801934619419386,0.6004897488434952,0.06898895056319253,-0.04811682961500148,0.16435092037155666
-0.004182321508355025,0.001979995909190936,-0.0031233275714188206,-0.2250317460384185,-0.01805729309242839,0.043975438330054205,0.4787403656656568,-0.3236615399482472,0.02362770622015926,-0.19131791637136755,0.008741038576410377,-0.018226527797472736,0.47017806591058475,-0.3437738620024509,-0.017388644246380657,0.24024789798419577,0.22577314808570387,0.018704682027243114,0.6023800476700505,-0.07834883005949032,-0.050638162507649694,-0.18492690999502148,0.22397550767914984,-0.2182415679309122,-0.015869838680402128,0.6007810409106781,0.07548824834202596,-0.05215386352822519,0.17949699280392292
-0.004204107628815231,0.001992184480375306,-0.003928747376407884,-0.21417676836182836,-0.01791379482170008,0.04530990670359366,0.4744642391702462,-0.33440186517845033,0.023944454546672236,-0.18011687994954598,0.007627437305141898,-0.020247941418878004,0.4642701269481133,-0.3536850109847692,-0.01762336435367181,0.24216168676332794,0.22952581432326538,0.016805575944804363,0.6037945514150428,-0.0845120192924469,-0.05563853456740475,-0.19980257212626074,0.22588923675386802,-0.22112255564942968,-0.013358879032110487,0.6015555217214598,0.0817520875300636,-0.05647951991965763,0.19424965600438912
-0.004101396932016799,0.002049245786445103,-0.004688153815034493,-0.20258284264150694,-0.01777631992105767,0.04685573546214191,0.47050357759387473,-0.3432941902811118,0.023957507528458058,-0.1680803913041926,0.0065024330466598975,-0.022150794548148105,0.4585195132028376,-0.36139827295658544,-0.018044046081863205,0.24332799887697443,0.23321423088777501,0.01443833710670416,0.6056787942901126,-0.09031684708900957,-0.060683717349381695,-0.2139621416786208,0.22708071107818037,-0.22389319149168685,-0.010353318122176842,0.6027946539887262,0.0876179845383536,-0.060839942398930785,0.2082802414515446
-0.003916681879024295,0.0021710395047962712,-0.005361114066910524,-0.19037837772522415,-0.017682469886151204,0.048510034910948636,0.46710596768005336,-0.3499299729304413,0.023975762429790257,-0.15526096600339506,0.005370581167988694,-0.02390611363063604,0.45306187824377575,-0.36633763514222595,-0.018460217636740384,0.24381355655712417,0.2368010356862674,0.011606610055633314,0.6079362143369327,-0.09573549417176005,-0.06562417835808339,-0.2273906367756213,0.22758717566184555,-0.22655935355124046,-0.006870502294125256,0.6044397734560792,0.09304114848951525,-0.06509421143096296,0.22154741724121868
-0.003561207628020025,0.0023688073118349837,-0.005934167240280977,-0.17780570239604024,-0.01764368770734733,0.05015950533522882,0.4645402639547398,-0.35407929788770304,0.023921453405144993,-0.14184897360837162,0.004233076040845747,-0.025484777286606933,0.44805477690697054,-0.368127942317001,-0.018720194285300102,0.24378815469108625,0.24024498164403862,0.0083832698690588,0.6103764898898174,-0.10072099617312323,-0.0702527673583888,-0.23999577834661187,0.22754786789229295,-0.2291189044429686,-0.0030112221207184518,0.6062859239657722,0.09796704626575488,-0.06904494294000509,0.23394051784670808
-0.003165134973226139,0.002620893929914934,-0.006376158609181801,-0.16475905464101576,-0.01760306750250528,0.051767549208027216,0.4629700058413829,-0.35549322276929307,0.02377651923312823,-0.12762925538193634,0.0030914210784663563,-0.02687254514446023,0.44353691018726205,-0.3667021722524788,-0.01773327589531177,0.24338322432585677,0.24358664175011208,0.004696658718101355,0.6130054060652081,-0.10531038295366771,-0.07454039607315334,-0.25201126883042096,0.22703277041166728,-0.23163718191751997,0.0012979573446954581,0.6083491903651759,0.10242469934602706,-0.07264007745578621,0.24566684193495633
-0.002949315407998236,0.0020732442723696938,-0.0066295722722959595,-0.1511385371086869,-0.01670816218412649,0.052635002450857164,0.46274911034423943,-0.3553839892075358,0.022141112580003508,-0.11273492458471933,0.002939033690918573,-0.02746655665327176,0.4410896802548973,-0.36932496251847563,-0.011741540577524308,0.24244782246709962,0.2465976805713602,0.00041081641629672966,0.6163602703515177,-0.1094268881936483,-0.07845709437513901,-0.2634367783786846,0.2259445656696041,-0.23419489347376865,0.006104108617477578,0.6110995649047476,0.1063520507291192,-0.07582577859832385,0.25670625614558945
-0.0020785718135405253,0.0015696769449026187,-0.006520746262039008,-0.1371001596433364,-0.01592682678731173,0.052049609586788295,0.465371766238346,-0.3714386259320896,0.0200673032319824,-0.09615081370956312,0.0035639980771821904,-0.027555563829197,0.4391461521263273,-0.3867022157316844,-0.009592363353126696,0.2410800030280985,0.24905449841459687,-0.00465246732003435,0.620942861545642,-0.1130877536129549,-0.08183026330219227,-0.27397166700703335,0.2241347208486453,-0.23612576341650995,0.01147498631496352,0.6154130643809813,0.10969096341350158,-0.07838364803573955,0.2667370313382044
-0.0006297068602900436,0.0016715736517958829,-0.006653402272666453,-0.12200580324201522,-0.0161092121832522,0.05173698590317197,0.4656030565655687,-0.39118809041941127,0.01931227198136835,-0.07862573817530145,0.003536158839198227,-0.027227403144994045,0.4341550809379359,-0.4028115887582416,-0.009272770182001103,0.23913513439666764,0.25151919497780184,-0.010519589281210096,0.6257341122835812,-0.11621914771785886,-0.08468663484508364,-0.28350553140494456,0.22122004418247204,-0.23779674540765128,0.017766934474673986,0.6189333537375864,0.11274139746765895,-0.08031012788956686,0.275620676131448
0.0005048252611094339,0.0014651079569166549,-0.006768751963256621,-0.1049599108723611,-0.0161983768671608,0.051398545194812836,0.46547171985088504,-0.4122590364687643,0.018601815395993163,-0.05857180914373054,0.0036275709477359562,-0.02693811419169344,0.42770073557492705,-0.4202242153975595,-0.009031020603488928,0.23578698171077545,0.25437587452080584,-0.017696446333053548,0.6317891365921172,-0.11898642783341833,-0.08719148784446731,-0.2927426912578626,0.21624631602229233,-0.23955148140388433,0.025536969248550527,0.6228217488763935,0.1158004124574026,-0.08174109077522017,0.2839164758956692
0.0008223895198103005,0.0010059029543007536,-0.0067825439059588525,-0.08994449469978562,-0.01591750622932726,0.05093503674947396,0.46612048062726613,-0.4303235587210018,0.017966992079845867,-0.04009889584886463,0.004024771640986891,-0.02696263377844132,0.4213349639657252,-0.4345799822610661,-0.008525694885949831,0.23203653611229325,0.2570621590869933,-0.024351660119206486,0.6382508902470566,-0.12076880181252625,-0.08872196874186158,-0.29958145287371696,0.21083178146500225,-0.24101976837117023,0.03285210308167455,0.6266290376766152,0.11822334822863205,-0.08233276516571925,0.28962510178565964
0.0007068823186574003,0.00021031135234543256,-0.006762454489094123,-0.07308828927914084,-0.015053342305541418,0.05023000109389168,0.46932144183337604,-0.4522477830432643,0.01766260141664665,-0.018031153267878602,0.005006565446987927,-0.027254520241712564,0.4141096459627664,-0.4511007703522789,-0.008151651002566629,0.22690943243326106,0.26069471146971146,-0.032550212772306186,0.6474386291915389,-0.12218685939642414,-0.08983379439190334,-0.30650406229268495,0.2031066152447652,-0.24270076419350992,0.042240766642742546,0.6313708316617521,0.12095848896460157,-0.08260513253489923,0.2947403812061863
0.00026482806624050564,-0.0006595364388526934,-0.006706054689568145,-0.05743391903826767,-0.013796731022578342,0.049551898051721804,0.47606027592271255,-0.476315050834565,0.01811897006685789,0.0038214409779027693,0.006355846260433161,-0.027547859928239424,0.40850235776542027,-0.4687914886362659,-0.008137520678277117,0.2212227198409905,0.26505235483247847,-0.04108609924514592,0.6583691278422298,-0.12298191092587178,-0.09035304141979077,-0.3125928713047984,0.19343888406339055,-0.24425603872799814,0.0527551623539722,0.6359989288108996,0.12368486420623162,-0.0827243887547392,0.29850073794103094
-0.0011468385761965298,-0.0015093661774914027,-0.005976592321243124,-0.043546046106324295,-0.012309754226873028,0.051001934038702394,0.4877307081568508,-0.5017545495099215,0.019382652179501712,0.024965981377957736,0.007796005582387205,-0.025775321591361935,0.4064278841146466,-0.48723293184566246,-0.008621544081485678,0.21488941636779094,0.2702567384590183,-0.0501523105880696,0.6717622312916414,-0.12328071810267921,-0.09053490054331949,-0.31787726297884417,0.18176536770184137,-0.2455234828988653,0.06455686820876945,0.6406054613617054,0.1264672706475745,-0.08273375387283641,0.30084928593124804
-0.003437728051024326,-0.002963138937699173,-0.004216002783646105,-0.030364949969400767,-0.010095597225964299,0.05391976915042045,0.5025691170435898,-0.5271570717381145,0.02175830895466448,0.04372959277959868,0.009838764868444651,-0.022921585124467694,0.4122848574902836,-0.5037555058375808,-0.009187166268137674,0.20833314922570612,0.2760845106850885,-0.05964019550272073,0.6874370320486747,-0.1233630971484454,-0.09058448607517268,-0.32225197842067804,0.1686922264992836,-0.24634726846627086,0.07764541700060994,0.6453314164106336,0.12909145786148063,-0.08261882933691951,0.3019519273511741
-0.0061566259654149535,-0.005549440401095203,-0.0012552772410830565,-0.014965500275500577,-0.006722331125651348,0.05671358779495571,0.5149885190408913,-0.5504278192968771,0.02557620501015221,0.057526699048688824,0.013133318212065113,-0.020955843897029865,0.43139847136888543,-0.514389497497699,-0.010807099199472738,0.20278698440174525,0.282266178359496,-0.06927102228047047,0.7046765495654657,-0.12331198162130139,-0.09054885189389607,-0.32553829691857267,0.15462547935867516,-0.24657902939640453,0.09210864867237413,0.6500843036659878,0.13127809300781262,-0.0818818194791867,0.30237086679988867
-0.009193191684396603,-0.009860587545104556,0.0029656826155321087,0.007728770805358427,-0.0021031788907102797,0.05876371043888991,0.5147126349802563,-0.5710363878407202,0.030137288424434458,0.06155179802018967,0.017769795040332215,-0.020826456982445257,0.47246625110067875,-0.5155515007093263,-0.011816371005085816,0.19845942748597914,0.28847383186204,-0.07916152491490461,0.7222518785600013,-0.12300901509820536,-0.09049348784212202,-0.3273260567354013,0.1402915904014436,-0.2463939057238117,0.10728667339036893,0.6550900948345563,0.13267217169655265,-0.08026064148418288,0.3027715494067126
-0.013109085552833643,-0.017562033438439123,0.00770643531592397,0.04586349667526719,0.004176937073528924,0.05679583589817966,0.4861786959080622,-0.5909468274071209,0.029693649449806073,0.044408238084111984,0.023557622482209446,-0.027391117744601814,0.5569477784756206,-0.5034923819144677,-0.00916910997902006,0.19274292855757102,0.29441081213671244,-0.0909611260876712,0.7379945814503214,-0.1224290341122212,-0.09053570865123077,-0.32773147426804866,0.12755251478325105,-0.24702532674384756,0.12124757216361855,0.6630026738897534,0.13309115212471975,-0.07742633234454292,0.30540881541785075
-0.01828591364300974,-0.02046861815989855,0.00982116099309623,0.0939963109195985,0.002869122222242143,0.05554367285741067,0.4442259580291419,-0.5934362158385683,0.019645429384203314,0.005223401307131424,0.021242853232223132,-0.03587984401918804,0.696358138710971,-0.5046130493679697,0.009085282304372727,0.18139912242251047,0.30118297528626614,-0.10709730253312032,0.749060443994521,-0.12122213396170857,-0.09063659456260016,-0.3252857673445233,0.12143728278524245,-0.24952160135637613,0.13311872523959828,0.6788757164268484,0.13090489088476887,-0.07235199889076208,0.31331882358546265
-0.02264156306916583,-0.027022718685296702,0.013228356045533287,0.1489166502103802,0.0002852212330591886,0.052214981858024166,0.3804864397058292,-0.5862636808903914,0.020059823075627498,-0.0612678989247555,0.020467802439241588,-0.044904837174865764,0.853599746061874,-0.5412411749976512,0.028610170902759295,0.15807482906152334,0.30743666446415807,-0.12841997408610584,0.7490601547350726,-0.11980368374626156,-0.09018626482464706,-0.3215537204583793,0.12573511763981252,-0.2580522566434049,0.1391930431504939,0.6972576076155885,0.12792156474572874,-0.06498310187247318,0.3288947721825508
-0.030165390061918797,-0.038131617145979665,0.023161145362857266,0.2120396544924289,0.0037939530890717574,0.03919772843350248,0.2942797556516905,-0.5512717323435571,0.020289568144659292,-0.15203806410367288,0.023586203084915755,-0.05748254318897744,1.002186978201402,-0.5859578404353045,0.04431727399380125,0.1138409708068208,0.3150355085273874,-0.15356363200841427,0.7330020925919984,-0.12010608257797663,-0.08729205446353536,-0.3184177579083234,0.1438197319200738,-0.27435719186949303,0.13964096334000486,0.7172930195863139,0.12531692021808277,-0.055411578716677956,0.35088525560676437
-0.03724624892011825,-0.04514475046092992,0.0346756718102362,0.26619713309150944,0.008697370946179235,0.025325531304191365,0.21687848062106496,-0.5434924243377528,0.020700817852234786,-0.23233214204675878,0.023558833655891523,-0.06837846189516,1.093523182963108,-0.6162812317987353,0.05064172660226313,0.06726493317444472,0.32283317311845217,-0.17268100786108753,0.7094118708403632,-0.12499028843715825,-0.08227361032612092,-0.3174844258931868,0.16740460924044392,-0.2905828197819033,0.13672259857804842,0.7340461149882332,0.12309141950447697,-0.04683726575610681,0.371190257632949
-0.04573834364433904,-0.05059035604826219,0.05015927691048941,0.32303005960979775,0.016521377233371593,0.011273706664882402,0.142130511076244,-0.520309862734143,0.020055821247099224,-0.3186689586338829,0.02032874020996011,-0.07875126797541425,1.1583958908769367,-0.6402610543734343,0.05136661362066955,0.011391115049588483,0.3318122168187043,-0.19181979459727014,0.6787130253324395,-0.13468065261554352,-0.07462203279105428,-0.31726543422384995,0.1994803515681131,-0.30951832858934925,0.13189889764566706,0.7516273520349819,0.12009148755766912,-0.03794602699278477,0.3930970273438245
-0.05443040698835752,-0.053745587272204326,0.06622518241566933,0.37044880863880764,0.024541037451327623,0.003597192365878251,0.0976381077234246,-0.4912494885870643,0.017442025391378433,-0.39459296125622423,0.014031307662456749,-0.08726276250194365,1.1866186821212565,-0.6557994512495203,0.04489782182681234,-0.04184231480044296,0.34014484216807783,-0.2086708116314078,0.6480925418274655,-0.1466963676380285,-0.0659548622824642,-0.31724925704124257,0.23310236253809555,-0.3275361228766898,0.12733400443338524,0.76761214826418,0.11651989323427625,-0.030542334267809033,0.41204618380981384
-0.062064096740093416,-0.05595092891474545,0.08161443927363285,0.4045133691045346,0.0324593637040047,0.002116180381858424,0.09090990108792872,-0.46543376952641097,0.011294941629223508,-0.45440070747504346,0.00696086652157632,-0.09530449610358888,1.1826033724913507,-0.6648982612303047,0.03164619351146427,-0.08668200964874088,0.3467687478581973,-0.22402369791837884,0.6202882906296956,-0.15929974486917414,-0.057057804865012676,-0.31728475435408116,0.2649211078777323,-0.34322847508303234,0.12438706152170367,0.780828400338363,0.11267784994501806,-0.024804152518309794,0.42677802388900654
-0.068195503517773,-0.058018177275568926,0.09535601807321108,0.42566809165717656,0.04079181805100562,0.0038662993807716773,0.11769020448484144,-0.4414598202196006,0.0007317774757422226,-0.49573445468896,0.0007411854358857707,-0.10352169855464295,1.153502093226696,-0.670035732519896,0.013091300057678664,-0.11973078122575097,0.3510078378816275,-0.238230270486202,0.5968497451098753,-0.17070253178187464,-0.04880057566452469,-0.31730246412267377,0.29162981745617433,-0.355566329846123,0.12369326500458844,0.790966228640692,0.10887355896251881,-0.020522390551097905,0.4364399377959253
-0.07316721891753095,-0.059948831865737476,0.1056865518647415,0.4349527521233157,0.048823695267753195,0.007993383872369022,0.17442513821768568,-0.4125018422595444,-0.010458982556330954,-0.5164211406010707,-0.0027078355877220356,-0.11127175932417564,1.1015382870339432,-0.6710703317414244,-0.009603933363179705,-0.13867982225320571,0.352811975363295,-0.2517020897229763,0.5788356327318622,-0.1796009776970786,-0.041554284059674276,-0.3173020488222597,0.31012295247775634,-0.3645506241297844,0.12683069509794528,0.7979208776817887,0.10562812766046567,-0.017250097240283282,0.4404419040981424
-0.07652459066356604,-0.0608082692647882,0.11053111786393328,0.4352825977813923,0.054735009978238096,0.015756311284040928,0.2557412599691317,-0.366060987127667,-0.02736954654161593,-0.5151921507574088,-0.0013224191877980916,-0.1179970712870299,1.0248902259993462,-0.668085414540949,-0.03407568216279012,-0.14231729798907763,0.35305670481203144,-0.2648400052968039,0.566492799077182,-0.1848531145294999,-0.035660535041858246,-0.3174085922860882,0.31877602177234854,-0.3712668750725819,0.13386618046830465,0.8014583735358788,0.10346883318985563,-0.01471989634833448,0.44114353878435963
-0.07712992533881304,-0.06110572040564779,0.1104040948494165,0.4304499010276365,0.05850660780214025,0.023059332014901273,0.3489495280397201,-0.2919789395654719,-0.05376171083407371,-0.4942605584436738,0.005985389318374725,-0.12415933859263142,0.967522125767887,-0.6315162340640296,-0.0525522701104464,-0.13294930389338486,0.35217689773928507,-0.2787198150671517,0.5607399619997238,-0.18720663167060939,-0.030975995777314934,-0.3189926555873069,0.31968082214904187,-0.37702274787635925,0.1423726098108938,0.8030705905074468,0.10256025876799683,-0.012877753574427631,0.44019621505101797
-0.06936801030081013,-0.05779361002989962,0.10487338637061176,0.3977253516842346,0.05856249515565447,0.02650381857672125,0.4703948646233183,-0.14579359366783418,-0.08969571817740846,-0.4409117747121085,0.016907483024976373,-0.11390614583245828,0.9355139641560631,-0.6106822815774918,-0.0664353232443391,-0.11361352671233636,0.34975579086142533,-0.29161600647309394,0.5668449300989787,-0.1871537962789783,-0.02704745869150673,-0.3235183727572007,0.3130269731275978,-0.38111808510410944,0.1551399343894429,0.8089372225118866,0.1011955018498308,-0.012048468168937397,0.4391345965347469
-0.06373570198503803,-0.04826209861240082,0.09915241616249862,0.33070196382164063,0.0540946638540005,0.027803620919767263,0.6367780577864556,-0.011952283935182927,-0.11243686568567568,-0.38239107361593566,0.019241767690789262,-0.10126754400195107,0.8976787942005581,-0.5932566729684894,-0.06825495206628607,-0.08865418724708402,0.3500787403786472,-0.2988993109547927,0.5871040722828769,-0.18208271111722968,-0.025222395568816416,-0.32888314144149117,0.29024082231775805,-0.3857221554079671,0.1742278472791052,0.8127110228244456,0.09782575631955634,-0.011905272463735787,0.4353448658279884
-0.06423598106048488,-0.03234352913544244,0.09391138901271184,0.23674614166290997,0.04895948848990625,0.027737711093646956,0.8524968418574156,-0.02195831935461148,-0.11832665928131429,-0.3219435507650552,0.019647772699168425,-0.0886928985670736,0.8563069176494047,-0.5854455219983236,-0.04867736204268568,-0.06056452525952912,0.3553151767882281,-0.3009448865949857,0.6252493514467288,-0.1684291558998557,-0.024801931239671945,-0.3368046576409494,0.25190882954759947,-0.39158736117284154,0.19738527103863496,0.8108476982485965,0.0932810705654244,-0.01246430778923192,0.42558817393163945
-0.06588903538675386,-0.019081580235114477,0.08548473339485536,0.13889688077248666,0.04424222488711548,0.026218973423631817,1.0585223033038482,-0.07432135709971095,-0.12140167070734273,-0.255013312581698,0.025802757435123114,-0.07870913980812909,0.8119390885366412,-0.6119962212596495,-0.057244783341509196,-0.02414717329777607,0.36328260760180714,-0.3003507474318773,0.6717538506814084,-0.15244471109849078,-0.024351594569265642,-0.34653280060603975,0.2036758524338978,-0.4012970070149921,0.21932296329615214,0.8029734245651596,0.09113880342504524,-0.012876806144148732,0.4142266726831203
-0.06577747685887281,-0.006913854337408279,0.07555564416285793,0.031100938170616287,0.03371934230200706,0.023777565368193875,1.2407146737766914,-0.14043150528180792,-0.1270411218755929,-0.17649701051879274,0.032610162185724365,-0.06712308482030178,0.7428706101703586,-0.6264878314062586,-0.06396676531349071,0.02230589155166536,0.3755944760897518,-0.29653301935284165,0.7163323676099949,-0.1385561474174573,-0.022819924073039507,-0.3588478903554895,0.1455754645299416,-0.4141933108414141,0.2400556075575793,0.7866764834661302,0.09145082660186156,-0.012397105102282757,0.40404080540506326
-0.06549480398024474,0.005318276318003594,0.0635294160448736,-0.08495863961679302,0.01777609434143677,0.02446993191003371,1.382674063322511,-0.20641754081705935,-0.13651393529333541,-0.087965340748977,0.03672252939422556,-0.052532263921870055,0.6511612193688942,-0.626710091654463,-0.06632240213629757,0.07732341578434133,0.39254336221133207,-0.2886347972207675,0.7527950946051104,-0.1284541586881855,-0.019771837919256255,-0.3738826350873322,0.07911469932703105,-0.4286948841788127,0.2587852653065171,0.7603518452745347,0.09547525522256109,-0.009887398526976813,0.3965270775784201
-0.06558325860901637,0.01798181183233768,0.05034863111191165,-0.21122389315379264,-0.001385941926202809,0.028985945434046426,1.4791325094926648,-0.27108162165465843,-0.15048235806575141,0.01447372869163867,0.03657152094410166,-0.03629704075892569,0.5273309264910394,-0.6094013199675951,-0.06661261968166637,0.14204306185572818,0.4134232454168796,-0.2736548012240445,0.7786437194690401,-0.12272519946666145,-0.014400829397027592,-0.39450206223897805,0.003738227508744923,-0.44297156740348487,0.2776551300702693,0.7214043665072094,0.10527965008377037,-0.004764687334371144,0.3916418363380008
-0.06595940622631882,0.033779186479960144,0.03299628558853235,-0.34129078327316664,-0.021080585666766592,0.03926027507960639,1.5277150077995958,-0.3292120582530985,-0.1652767472190368,0.12568967799151087,0.028227809437821105,-0.010821293852875528,0.38448894586131943,-0.5749998031099706,-0.05728184427363759,0.21527155181277366,0.4373061540770008,-0.2520407289432868,0.7957160523312298,-0.12016629076611754,-0.007404642624248294,-0.42035928174157033,-0.08012317253674553,-0.4549338668979251,0.2967276648302747,0.6709579338702341,0.12089549508388438,0.0016567966812618,0.38816793908919345
-0.07074350805889992,0.04683626579423134,0.010403521820558348,-0.46239181624915976,-0.03183644102474129,0.050481615427231674,1.534605161747393,-0.3784946478456888,-0.1745997186848119,0.22770370679506352,0.016670201834266644,0.009826474574037791,0.26267435311080073,-0.5319071732075091,-0.04833521483258942,0.28971958514573876,0.45992439502575155,-0.2268234818035221,0.8093725091268831,-0.11804981175246004,0.00036660748893452115,-0.44941139531417257,-0.1690946714764695,-0.4640316253141454,0.31350103618344083,0.614684778586763,0.1419777086540574,0.008516968804720186,0.38527024160737705
-0.07846946532142847,0.053682289170104834,-0.012150353096998643,-0.5618090545922672,-0.03302400410980445,0.0565306535923137,1.5030889310142495,-0.4201831194013523,-0.17357927138000764,0.307507170108833,0.008809122604950766,0.014413116997972248,0.19771505949823687,-0.4724794508281792,-0.03092763667824429,0.35963682290475885,0.47705637911906695,-0.20261807562728149,0.8225946501410089,-0.11482262988187668,0.007601885782351157,-0.47818565495262794,-0.25168844170909616,-0.4678729186157555,0.32798205559983246,0.5625587144225837,0.16714909675683792,0.015848176403512694,0.38213847420300745
-0.08532856857098589,0.057663129411098225,-0.031773948719840336,-0.6315812014438095,-0.030246934828290002,0.0611413193975944,1.4378217207866903,-0.45943982890192464,-0.1591207528351598,0.3598109123458077,0.0033339937024693548,0.012041685565457592,0.20017162442810144,-0.4049438446450511,-0.0004894707586945908,0.41873371071781534,0.4869229447681948,-0.18408327970894947,0.83605776038429,-0.11058546019276037,0.013024076836522782,-0.5010988747631462,-0.3161797148723463,-0.4662279075215254,0.3410703148353031,0.5197138208053365,0.19277549725661805,0.023066781882125693,0.3780489049934225
-0.08898590792686002,0.061565863762973426,-0.04630811548720886,-0.6691324479021984,-0.029063072078382064,0.0663476896839307,1.3471819477360956,-0.4950807977503192,-0.13666881799054648,0.3925610264681394,-0.002363856081271598,0.008614018176201561,0.24452202830040157,-0.3230365013023774,0.04191084286548996,0.4638024735204933,0.48950572723605884,-0.17299620813444946,0.8471259829135924,-0.10679283474188335,0.016632592288824667,-0.5152299117307981,-0.35674951807925354,-0.4600865409257519,0.3535622815389307,0.48689112087674963,0.21523000844591966,0.02893841467549799,0.37387639002734674
-0.08932844666849826,0.06541505617676656,-0.054512213931161374,-0.6733923284957084,-0.03153187412559072,0.07185810347160454,1.2323859737523546,-0.5249005707036914,-0.10877026313921496,0.4114537475230183,-0.006364729937471378,0.00480821124741752,0.308416834020712,-0.20988133246545748,0.08263133700982483,0.4929771559185613,0.4860613972190158,-0.16878374121597514,0.8538223930967469,-0.10414376918636786,0.01877319176243188,-0.5213092955050761,-0.37196582355357644,-0.45078720529456673,0.36539183468182895,0.46318795982797134,0.23294720584318554,0.032776724066007505,0.3705485220654244
-0.08706779783630975,0.0670930144699862,-0.05627820381975717,-0.6474210524317168,-0.036501912835048916,0.07687891836128344,1.1043142815236229,-0.5514029519128252,-0.0780598122299698,0.4161800884304538,-0.006174006541317537,0.0002895587043323871,0.3822941513924072,-0.025120097292710565,0.12729271711547083,0.5061630820980231,0.4786748615965177,-0.16910977924915335,0.8568553623361842,-0.10244007418969013,0.019573972608999065,-0.523203479821157,-0.36518141273397176,-0.44016723682330583,0.3769742935056669,0.4497175425591477,0.24560644349614197,0.0350475044218053,0.36887779780495544
-0.08299127947752351,0.06168210378140057,-0.054002393511761185,-0.5917330212753478,-0.039047089551352304,0.07856953566479213,0.9668238334019815,-0.573996366755236,-0.04378796847875937,0.39642500624702076,0.0025369856112149626,-0.005234255078068777,0.47338905932523406,0.21482871517112734,0.17805145505173414,0.5017917895373861,0.47008462086127256,-0.17588420113569136,0.8576894595589469,-0.10169264460747167,0.019608284194508448,-0.5229897713510486,-0.3385809547638831,-0.4304734969295356,0.3863326105481378,0.4518211204939636,0.2522243540218017,0.03596198667807633,0.3684370074758775
-0.08007176095798571,0.04644185449458153,-0.05705584859204041,-0.5187104503097812,-0.032567541750669844,0.0722444566709944,0.8721919528032741,-0.5680621087212372,-0.005001903265250897,0.3320107161156272,0.009130829186513463,-0.012524334917962631,0.6469247671537391,0.30640555609048165,0.19907921818666532,0.4771949502984829,0.46277543026031825,-0.19434691627190712,0.8546438482547586,-0.10085629929062903,0.016682276796182,-0.5177301182827498,-0.30177193515961515,-0.42402182536835864,0.39021545477333713,0.4782006791361282,0.24816955177326416,0.03429048779707878,0.36997087880914603
-0.07730631470832659,0.032775472690198364,-0.05816381943728086,-0.4361956651769444,-0.029126886976411085,0.06591890809060212,0.8522382783544105,-0.525713208201878,0.03603989552753568,0.23427529746905382,0.004484997226557685,-0.01678116662611804,0.8874035116834549,0.2444325733652955,0.1993678243259962,0.4284128113043547,0.4592275291496441,-0.22392090385097843,0.8485865169666326,-0.10032486102157286,0.012019734901782552,-0.5043706444597479,-0.25340980035823585,-0.4179509326186331,0.3859069685639223,0.5349221807892595,0.22884627722170214,0.030019456914083587,0.3728135697373471
-0.07364313218733104,0.01819903416751349,-0.05212647381338464,-0.3469952276351911,-0.028660033817784907,0.05840961378520047,0.816175621635356,-0.519541527034806,0.06367019401476753,0.11924047658864528,0.002071338985482528,-0.017640007863934323,1.1240563989197956,0.15169785986082168,0.19443521618138193,0.3591022705635747,0.45990211044837426,-0.25404015422892534,0.8313263418894683,-0.10226766950387285,0.008921384866786208,-0.4893517394675356,-0.1927621843750407,-0.41817564891559855,0.3766815862409516,0.601126120912055,0.20381267998578204,0.02492490220850008,0.3757065111088223
-0.07233071735725133,0.01088725149495063,-0.04254526905165265,-0.2515645261749257,-0.03465283137912339,0.04719244702596975,0.7650006995022994,-0.5741114096378628,0.06155393763486629,-0.008320892943561474,-0.00033521547224366944,-0.014890257021023043,1.3225321452607481,0.056397928483303654,0.1895777479776177,0.27410991787681205,0.4653176943056554,-0.2797122186714243,0.8030847338015453,-0.10940926254225741,0.007906552252065123,-0.4770724483947234,-0.12220338097396928,-0.42301892590919904,0.36495375486242726,0.6643441471222475,0.18123491639035688,0.020729544938349158,0.3801021953064534
-0.07014411382555205,-0.00021556756014458767,-0.029692183540609034,-0.14077040401913135,-0.03628148297202896,0.031245180164623895,0.6712654479186847,-0.5978724550889515,0.06506965915719869,-0.14654614130040794,0.007231328859341631,-0.013647827006180282,1.470638985583297,-0.03270838538757779,0.18770476608770797,0.18232766964878414,0.47271990444722306,-0.30182137865025366,0.7628210893461824,-0.12127573405292472,0.009274327372834774,-0.46907560467894543,-0.04395810414274301,-0.43509521765173187,0.35067240568237945,0.713958075737191,0.1647875077279305,0.01887008980646278,0.38889993372736603
-0.06793875667399812,-0.013362881083708922,-0.013526269655761107,-0.013876471790216676,-0.03173245574754211,0.01494440261566633,0.5403548949923414,-0.5929499577768664,0.06371310865245504,-0.29327787761701,0.020576669696163372,-0.01746974289004018,1.5684090947638418,-0.11578584107182617,0.19181062657006342,0.08534141021241412,0.4821939627840468,-0.32222076954739814,0.7098350731711074,-0.13869410549171493,0.013288028018058515,-0.46530721140296116,0.041553005202970554,-0.45367243889495723,0.3299412577255901,0.7471929012559445,0.15468966199288037,0.01862591433506784,0.4055089718934241
-0.06765385464444047,-0.028713801732072136,0.008777934813021738,0.11812604606405254,-0.020380604940414673,-0.0017613365729039698,0.39586915983635407,-0.5575137049900761,0.061046405086925125,-0.4423563451789322,0.031945550585385334,-0.028644388347448185,1.6064832124139012,-0.19242774558311104,0.19466471507094832,-0.019456648531559727,0.4915215555993197,-0.34212099565891435,0.6430501964985212,-0.16324449336165212,0.019435920869738478,-0.4637351442061155,0.13338539791741927,-0.47765980616580905,0.30034722565860494,0.7655813586417541,0.1487399522112499,0.02085781529553185,0.4317101622059821
-0.07207321944271357,-0.0395389126264733,0.03671001554135453,0.22685196459180404,-0.009135365944238503,-0.005392167282755837,0.3041959198286901,-0.5057293623573685,0.058075983379346205,-0.5730762928793061,0.03348515843240008,-0.03653183041562614,1.5901617317193026,-0.26100789743520636,0.18778241776061566,-0.1244374244142958,0.4978894328356004,-0.3571729272325161,0.5721649796742371,-0.19359374474110283,0.025786264334508105,-0.4621786496696996,0.22363994346812793,-0.5010585432220324,0.2681103697281957,0.7778808864736036,0.14355142357619088,0.02469568130558518,0.46290758041978963
-0.07791996445835436,-0.045933667640454354,0.06232961841224914,0.3050666244189609,0.0006744674368464862,-0.0013885421601485112,0.28512822581881,-0.4358700570075641,0.047036262626045745,-0.6719355425548184,0.02885944785583553,-0.04047058739940537,1.5307577227339817,-0.32323024843336917,0.16993186237138277,-0.21674691187759473,0.4992339074431451,-0.3683280283349281,0.508691055406728,-0.22504682666292236,0.03215449138643628,-0.4590175671936618,0.30447985461887017,-0.5190374395209205,0.23995488889643865,0.7895397367840455,0.13767646854191595,0.028180075210404616,0.4913859199943649
-0.08091216861272325,-0.05063556251117419,0.08006203288582835,0.35855356531807964,0.010719644693537976,0.004344380738403198,0.3187649901748129,-0.33218069161709635,0.02071583282051976,-0.7329417963878923,0.02547453021244817,-0.044415134178577766,1.4339353709933844,-0.38301402530325424,0.14467136863156307,-0.28505744091129065,0.49583419920460103,-0.37662344010148624,0.45589312056442727,-0.2541443788720669,0.03786994461472205,-0.45431818005058466,0.370448931745515,-0.52897807337054,0.21847784306628115,0.8008774942921482,0.13199215793387797,0.03020664888205226,0.5129892927708604
-0.07976927922239242,-0.0554917393164299,0.08832403185157091,0.39369860290891634,0.019565789373075928,0.009377097100990411,0.37290369181741045,-0.16186991837579554,-0.014835298356829243,-0.753059546817918,0.027293457228250623,-0.05064552076454191,1.3072401971146623,-0.4366212086767084,0.11727087549529433,-0.3244966032921495,0.48885978124229995,-0.383549811953469,0.4142350993346964,-0.2788144980395553,0.042092958780490075,-0.44948690523512574,0.4190636113470059,-0.5312833902673434,0.20398161442170656,0.8095942397895921,0.12782706446726247,0.030904752079887382,0.52665737680445
-0.07362919305910556,-0.05542880882900358,0.08753879883070015,0.4083787160306374,0.018850036600868342,0.013867697440278234,0.4380933235587267,0.050435343583874574,-0.05494670373899796,-0.7270510131218338,0.03093572328750746,-0.055565754939868116,1.1470204920651823,-0.4825210274574979,0.0843084401835985,-0.33209650116164463,0.48056451791431903,-0.3882261330994748,0.3872807480082388,-0.297721981147932,0.044390710747091465,-0.4459798944635662,0.44762401363155335,-0.5270329963860405,0.19741962585745587,0.8148582546418012,0.12482774213098576,0.030779525394279875,0.5346025222639196
-0.06822859904273552,-0.05190567657329848,0.0869952976804739,0.3836598288584371,0.019025698982453747,0.01786101632839425,0.5363268337148819,0.35737712727887233,-0.09432318359550405,-0.6640332661883556,0.031377202146777264,-0.06035563251636279,0.9817528679965619,-0.5179865464222353,0.04710204851988242,-0.3186774165933403,0.4730803451382799,-0.3911005035666359,0.38321944209428466,-0.3062577180615374,0.0451893070072233,-0.44471677444073826,0.45364251078875095,-0.5210917487862773,0.201658477971752,0.8146162438740956,0.12329431124604907,0.028360924802793598,0.5372723820316128
-0.06715901304376243,-0.03811247528923866,0.0880312928869306,0.31320059295805913,0.01873672559644963,0.021765666391716537,0.7454448774274106,0.3840885018397446,-0.1067224272633177,-0.5842210270098852,0.024767203395525277,-0.05638754751935495,0.9139378288079474,-0.4922616498951875,-0.0003722623906349219,-0.28750864012590227,0.4685697466227007,-0.38515294273271883,0.41601580310753666,-0.2982633751759686,0.04310781010743013,-0.4456494092415146,0.42890082794915463,-0.5171681539561174,0.22278041731086093,0.811759622897514,0.12180197634605763,0.022607687654301024,0.5313817585985045
-0.06562898495127466,-0.0297747754020986,0.08327347079999944,0.21030632558788157,0.021158619900720016,0.01873847189217586,1.0063605613436384,0.2945886720268471,-0.11614165626107588,-0.495468538282717,0.028564407608189096,-0.053410222706525505,0.9219062467382364,-0.4973503816889252,-0.03510859258018156,-0.2367365512882465,0.4631176303736883,-0.37366675192613963,0.48353522183981174,-0.2741124274510574,0.03931528213429101,-0.44626084645284414,0.37212587449754786,-0.5154307105851051,0.2533961384182325,0.8067885508879868,0.12109986152059388,0.017144758877904294,0.5178312641185834
-0.0640843065469542,-0.021303472134642773,0.07428764186950279,0.07899000817700884,0.015838965126022106,0.01234701257500498,1.2577759095797711,0.1792244751035003,-0.1295231120673523,-0.38666025576147667,0.037001109068740004,-0.044086236100951914,0.8913645049986507,-0.5813275202558669,-0.054407366148273184,-0.17240648464200872,0.4624185892550589,-0.36002330976223884,0.562055271447451,-0.2453431846833385,0.035494291538000225,-0.4464635022585661,0.29176705559943145,-0.5146033870022988,0.2845240243215229,0.7894770274437707,0.1252113596606304,0.014938068837892646,0.5031552992575691
-0.061806470167929596,-0.00985154160746147,0.06046848315115443,-0.07380127715699772,0.00041950365260640067,0.01024866937029262,1.4601002576677773,0.06784117837250232,-0.14560051443873337,-0.2580463189284811,0.04070462872277454,-0.02781602432423429,0.8046651187067954,-0.6282957857146304,-0.05745529160723431,-0.09615641062290377,0.4699669311151449,-0.34300622392046876,0.6327247303780558,-0.2207878074259403,0.033109278451194456,-0.4493913488108247,0.19758183291651304,-0.5154996637104122,0.31324660952648276,0.7566582182460762,0.13654254299676355,0.015093463674099628,0.4918520243748884
-0.06015366653090478,0.002499763504989311,0.0425862315782276,-0.24158403772507508,-0.02016541557197768,0.012224502849873179,1.5989540285706787,-0.033808697733052055,-0.16626148838342497,-0.10841535866723753,0.039425020496338496,-0.009593626064356268,0.6694453053048679,-0.6384532524711252,-0.05584763888080329,-0.00703058728373694,0.4857886627805942,-0.31864548189889136,0.6862468060185667,-0.20390933108654488,0.032466896530052684,-0.4606224926880003,0.0938111426698932,-0.5182318187023764,0.3397069435630242,0.7076992273828646,0.15512362672822647,0.018531675414593062,0.48545168133321165
-0.05826378229248271,0.021197037781021673,0.015289957343465901,-0.41799211335686026,-0.04149266032454773,0.02405814546081401,1.6673079455498447,-0.12616857257889263,-0.18681138013970208,0.05390580406653609,0.027252436535338882,0.013266784662239189,0.4973155899030185,-0.61104498349863,-0.057451258674662636,0.09400087830880796,0.5112144755449598,-0.2841879696865029,0.719943187990389,-0.19350037194981334,0.034579020439977515,-0.48314670743000676,-0.01996062560932492,-0.5218823165515797,0.36450256078498966,0.6403464145749368,0.18110572471235567,0.02439861237060568,0.48300106442087876
-0.06351091649383507,0.03512693131330358,-0.019644852408215296,-0.580808196773522,-0.046771726948872265,0.03356043804894392,1.6675786719640653,-0.20999325206878028,-0.19234917458171746,0.1913344879398038,0.012848164244176096,0.02025932599693723,0.37833911035978623,-0.558297393335193,-0.057200289042256915,0.19691674888782862,0.5377709218234372,-0.24620904925513504,0.7436400130147565,-0.18520549610573345,0.03829619786687198,-0.5134715560059298,-0.1387986121995676,-0.5241615265626216,0.38245285879034796,0.5647426753721742,0.21448419087240156,0.0314660099815433,0.4823215059550225
-0.07032037324107995,0.04285322743707872,-0.05438924228861144,-0.7096727756845367,-0.0396430944579594,0.035032004382262935,1.610099256956467,-0.28636153574805706,-0.18019910321167504,0.2901976221521962,-0.0013210628055921817,0.01402950970928915,0.34917674317234865,-0.4372070674394836,-0.05230196082464032,0.29106956030588393,0.5582259130565203,-0.21326072447295816,0.7637087827522117,-0.17691214349509674,0.041067429555039926,-0.5433109237710312,-0.24492505268188458,-0.5223250513103408,0.3930192490009613,0.4947088108081438,0.25097354039680525,0.03907814536393174,0.4820596039722074
-0.07260505618987838,0.047168638759417444,-0.08015838270316357,-0.7934020101354021,-0.032148018095379934,0.033360478782862586,1.5053365829195673,-0.356521140513041,-0.15818809378583182,0.3608789856099756,-0.013411588982350706,0.006191410250196638,0.372703898864718,-0.31412311812029714,-0.037024383731505496,0.3690223265457371,0.5689032809474623,-0.18751014333220686,0.7803487794923543,-0.16907563074230156,0.04226652326372534,-0.5673721577423149,-0.32281769385533193,-0.5172814465345135,0.39879939433295847,0.43424338879655644,0.28567657094621257,0.046441418896880686,0.48110596298490255
-0.07107942526023789,0.051279017696304115,-0.09358193859488538,-0.8198972432348184,-0.03071334265630956,0.035275385198491785,1.3487311209994746,-0.4194154064564914,-0.12986417324321758,0.40443924868840264,-0.02454891214547057,-0.00126205920137198,0.4213932440343065,-0.09513860039404158,-0.008819829677194857,0.4264208454650354,0.5690075986981641,-0.1704093601266184,0.7914496357233889,-0.16262089881793285,0.04248227814975904,-0.5827964694226726,-0.3660961320987553,-0.5093631136766616,0.40154779870902196,0.3827619173995491,0.3161126356464266,0.05260376317131243,0.47951657736399617
-0.06516284318810985,0.05175272481068136,-0.0970885761555801,-0.7930959678620106,-0.031143371145499175,0.04054251306622616,1.1627622037157397,-0.4658703140824303,-0.09786819066287626,0.41882636846954596,-0.028401123009706243,-0.007897590729260313,0.4748709805823155,0.22533534291035584,0.029678757188323125,0.4594777019645633,0.5619046016975694,-0.1637101989214239,0.796217471300643,-0.15803952019463818,0.0412883049571622,-0.5909472237338254,-0.3740653992303618,-0.5006662694971603,0.40199181844209053,0.348220699679187,0.33890784906690413,0.05702430654869424,0.47827595931987904
-0.061063933517538097,0.04097221297883605,-0.10085784149221608,-0.7242663592684314,-0.023105046879397885,0.04005651617871559,0.9818998064471759,-0.5069288006538472,-0.058059451373411834,0.3752399949128359,-0.026826119900027277,-0.010229579284896106,0.6170174420364104,0.39896940390865865,0.05410618869078263,0.4600003236500593,0.5525871792679498,-0.17415009078111574,0.7940035113599745,-0.155113296466372,0.03600153374631063,-0.5916498389022957,-0.35592476700593667,-0.4945639265770474,0.3956817165526598,0.34606881423357455,0.34690383241278033,0.058645883952981384,0.4782053889349587
-0.059262751825965715,0.03355347093224113,-0.10032704009265067,-0.6232385127832272,-0.02197751215720859,0.049199303798655614,0.9600865062028684,-0.4158340089155478,0.012368790154745863,0.2962745875466443,-0.031128537145339554,-0.014162402103030665,0.845780781542576,0.37397301376869213,0.06734201931985653,0.42578083484056806,0.546797491251863,-0.20117362192891497,0.7897841135965502,-0.1539012656239904,0.02849454875582273,-0.5817127336367357,-0.31090089026790774,-0.4873189474689053,0.3836497564287465,0.3918076940421512,0.3329807316391358,0.057067957392744485,0.47995941995656444
-0.056099422613664025,0.027814847242201998,-0.0912953476057123,-0.5099597215205385,-0.0362876121947841,0.04586626195920534,0.9586632699593138,-0.5214317586227833,0.05332464947471632,0.17280731848259434,-0.029461277350595012,-0.009347508864229328,1.1211264116231852,0.2736048587295866,0.08472913885324738,0.3530315584632716,0.5401704607815009,-0.23816556787785884,0.7792772077791239,-0.1549621610197431,0.022458602076426915,-0.5647599261576164,-0.24776099376353147,-0.4820905144339305,0.36635056482135386,0.4699384817860566,0.3026719414954377,0.05293212203663403,0.48082417168859015
-0.055071302516891324,0.018962120715455666,-0.07797583417725217,-0.37521035897769883,-0.047370177359700734,0.03481036855095241,0.898060630733372,-0.5987434591499466,0.06015114923174899,0.0181975641422851,-0.01762826568966034,-0.0050557136921013665,1.368218876541331,0.1636692209670049,0.10636574715502871,0.2595576119788993,0.5343105998369296,-0.2734050725376507,0.7539885657833332,-0.16336159764075403,0.02029590618600077,-0.5491614879879376,-0.17414539155842132,-0.4826196985622252,0.347892647366206,0.5535258991976916,0.2711945635093597,0.04827653295655426,0.4812616258401347
-0.051655996590321385,0.004728604485276325,-0.058215187305087734,-0.21964588256891646,-0.050137736669766064,0.015843611967881335,0.7798885210166852,-0.636497664632161,0.06337715877666214,-0.1557781862011194,0.004889556749955464,-0.008024525438753089,1.5553986590772184,0.0596035684787434,0.1321499140888357,0.155992366502159,0.5322890934918998,-0.3055416871736438,0.7131887307752501,-0.17826252362556413,0.020703023551868083,-0.5378535640445484,-0.08799120089559614,-0.49253166357935274,0.3246706022112079,0.6237392663846429,0.24691891843365987,0.045446361037357066,0.48624923425074223
-0.047758676437819975,-0.012717318618339267,-0.03252441794068634,-0.04343818372443179,-0.042992738944991025,-0.008069015043688569,0.6069374907599643,-0.6310321701951103,0.0649174709950392,-0.34684886313294544,0.03206240656115878,-0.018018618658941714,1.6708659487892465,-0.03790312226374719,0.16167679380143968,0.039558795236151884,0.5342483068765835,-0.335263826071944,0.6528960848133584,-0.20102210809660534,0.0241461127990722,-0.5318146880707093,0.013890179284075523,-0.5122129683775317,0.2900067645036771,0.673306770785176,0.23276676603624777,0.04468841845285206,0.5022342562605918
-0.05033894458834736,-0.029674034929564694,0.005045591913210886,0.11823487981561731,-0.02776743708356064,-0.022699047973449182,0.4590210103442683,-0.5948750479861205,0.06160660633361907,-0.5335930311826694,0.04840837329781322,-0.03195248979232494,1.7120729717665693,-0.12782310635084307,0.17964505272376574,-0.08774405321736858,0.5373978753535885,-0.3582250094809737,0.5796880697361797,-0.23153941103608217,0.029713265246079878,-0.5296965395595944,0.12294729331974356,-0.5382854129279847,0.24847346772677353,0.7083662398561882,0.223958716369566,0.04517459335818769,0.5274075218738186
-0.05656536252185653,-0.03943957253455446,0.045567075074119924,0.2418240362789917,-0.011709083580890081,-0.019258764706416246,0.4006177105825241,-0.4739197349765387,0.05289290943387541,-0.6920036730756872,0.047040727754193,-0.03551632509989756,1.6787011691458358,-0.21334689354940822,0.1788609714656936,-0.2090051995702602,0.5377622287907762,-0.37195972927076953,0.5041458563024118,-0.2697406685164262,0.03720193336869525,-0.5293730956209736,0.22919742688471176,-0.5621461041273811,0.20878911245161166,0.7352546471537937,0.2162612747642273,0.04551930506089169,0.5569125149177024
-0.060514898411760484,-0.04461345621608901,0.07910250108779855,0.32818594791215727,0.0035265689310587326,-0.009700126323046347,0.4094911235968956,-0.3144072008835989,0.034625413290701935,-0.8019560644698499,0.040640163990957066,-0.0330220535939204,1.5811561205265559,-0.2906955816521649,0.1640971509346616,-0.3048837681037649,0.5351900988286591,-0.37856652016991904,0.4332906426062464,-0.30927929204299687,0.04540757763644495,-0.5290917075300515,0.32168863178486157,-0.5773491518561917,0.17516891885675032,0.7565274108708235,0.20939523402069268,0.045518882112848186,0.5827641257367566
-0.05713510157978979,-0.04746630888951202,0.09845908456799765,0.3884171692888068,0.015072457244352648,-0.0013807627722954082,0.4404688629516264,-0.0967098624624462,0.009501405033463672,-0.850908440433862,0.03941691051249265,-0.031547695488777325,1.4214070120036584,-0.3599092506542059,0.1404598874544334,-0.36154056893240283,0.5313788555431396,-0.379010101877324,0.3670076161496949,-0.346927851035156,0.0529230929714565,-0.5287482327547137,0.3940516021366174,-0.5814138717139009,0.1488314895808178,0.7697979843766977,0.20460891216926655,0.04458358919235813,0.6030201170555962
-0.05166938278812952,-0.04983386931723436,0.10628517676303975,0.41341974381313606,0.02200902209263422,0.003793176177009939,0.47446998946072905,0.2843137511346565,-0.02753092141692582,-0.8367470344264183,0.042396909020965615,-0.03716916712814975,1.2214108136300807,-0.4123839348376674,0.10899970701174544,-0.38062977712394025,0.5264649830422844,-0.37628182369883806,0.31345379364060416,-0.37697665902836186,0.0596452969712098,-0.5286062438517838,0.4413254239853948,-0.5770376782979354,0.13197645607660732,0.7732896087476568,0.20270982632594298,0.04187591093703008,0.6156064685033196
-0.048324524802805115,-0.04154397606615118,0.11179033431780931,0.3775373028091206,0.02024736592424699,0.0015492131465933193,0.5978050803225967,0.46094603976707765,-0.053816427948300175,-0.7701539877070845,0.03751156495279414,-0.0388510704418151,1.009866313997062,-0.4627643261245073,0.05932580991165175,-0.3668946258081228,0.5237335519060442,-0.36386553402508565,0.2947277896936942,-0.39028479616056333,0.06260389741989414,-0.5293398915974887,0.45157509099627735,-0.5691022538212208,0.13435444189356893,0.7679117821002276,0.20234879540805842,0.03520417227146626,0.6191880606630419
-0.0491751517689783,-0.02977849753007872,0.11111862993679786,0.30607670706138074,0.01874576228467288,0.003052001570555562,0.8122390921575623,0.45576512948544495,-0.06866878591121024,-0.6714514345563969,0.033659700991308716,-0.04151733876799131,0.943686052935892,-0.40182025585047004,-0.011865221073789702,-0.324875666445552,0.5213929843860616,-0.34610368545086784,0.32612827637859754,-0.381067664104618,0.06302595260329737,-0.532057479081269,0.42513461180018386,-0.5628962748849665,0.1550211742784902,0.7600803280434221,0.20381401647384814,0.026558339598265094,0.610582703263613
-0.046572088866557323,-0.02521314431373608,0.10112494832689256,0.18674870873207583,0.016864357322422738,-0.004484961661517407,1.0924921983065425,0.3536817298714768,-0.08470304225990383,-0.557553219550106,0.049177482785128276,-0.038610451016470995,0.9630040916510834,-0.4749351367902589,-0.060764945033411816,-0.260151039441915,0.5172753561565693,-0.32175851462607535,0.4033675655675523,-0.3494527719104777,0.059857927412067344,-0.5331515180965193,0.35485326770428466,-0.5549645300856024,0.19167797451976262,0.7535121917543547,0.20748418656938064,0.01877057488943463,0.5920823715076166
-0.04263023845567294,-0.013433673579508962,0.08379584569869632,0.015027751819092793,0.0017235810238633597,-0.013588293458912461,1.3708174261732513,0.2255558418511327,-0.10648419869052263,-0.40547035238937545,0.06275376571728096,-0.019607785499940914,0.9145956774643074,-0.5877325615454894,-0.07585018049813523,-0.17590219159492618,0.5194783126901609,-0.29453436623822243,0.5017947184744892,-0.30974285036292537,0.054975370570738515,-0.5325064663172766,0.2501697026779223,-0.5431958005155594,0.232948246141098,0.7312310823908553,0.21918416289788442,0.014315029049532454,0.5716645566893868
-0.03916451225413408,-0.0013874081480317248,0.06573553389696869,-0.14908209665259672,-0.017165040500527147,-0.0166213114694803,1.5479514603417859,0.12231501252274993,-0.12847247970882297,-0.2586390173521549,0.06608767375101422,0.00256643782676324,0.8145206772980147,-0.6325224333172579,-0.08238230322901374,-0.09565467875243172,0.5285211055965747,-0.2683281253088575,0.5750719938794883,-0.281755717726254,0.051915658249000934,-0.5337447680496503,0.15150518641414737,-0.5354267108085269,0.2654580747092796,0.6995232810148876,0.2362381964329416,0.013462598297786428,0.5587876339527944
-0.035330508693027264,0.01520234977794815,0.038690311985854056,-0.3498255027904613,-0.04068912906369893,-0.012752930359478457,1.6695588791755702,0.013333408538132792,-0.15663349063345228,-0.07264195219592086,0.05886080068998454,0.033548146435086384,0.6462047216221841,-0.6369373695719613,-0.09321923067187174,0.008052382354725314,0.5475667951973932,-0.2302188140269137,0.6373049427830043,-0.25951537798739177,0.05083141874225739,-0.5445489073000149,0.029451804841021154,-0.5283511923781717,0.29980275870346423,0.6465721275462416,0.2628917939197964,0.015270565934413274,0.5491031016122372
-0.03759337744032947,0.031608683442434976,-0.00012475826435013986,-0.5496770799620115,-0.051994156640487864,-0.0050029456669412175,1.7105270794583927,-0.09630452452048355,-0.17166445643524314,0.09772899579772616,0.042822779236644855,0.049004859322330487,0.5063535391351189,-0.6056168482410724,-0.11253438767155555,0.1198051446800998,0.5732687705616186,-0.1856835313581643,0.6818309414873079,-0.24319466894240302,0.05085405808709486,-0.5661578268408318,-0.1024429035004934,-0.5215579344997682,0.3282718627073682,0.5790679483901848,0.2974620030756236,0.01947034809992838,0.5433800876143117
-0.04284824801802971,0.041599973447463,-0.042493293258182706,-0.7203649330016095,-0.044908573136567154,-0.005716664227116015,1.6723541230556063,-0.19902923768380576,-0.16680007116909007,0.22920137878418598,0.024632836573014547,0.0479080259486256,0.45591483228676943,-0.47956550033987183,-0.13486669660127792,0.2286741452468355,0.5963587997539442,-0.14425067041645007,0.7166448604957739,-0.22863540037415223,0.05088682635331418,-0.5916710812185295,-0.22793746539273355,-0.5121649764344062,0.34793640076914345,0.5104174937732521,0.3362365969773817,0.025566015697926617,0.5397214133307306
-0.04561980411865931,0.04699573449519963,-0.07742408290026195,-0.834621974672668,-0.03131601915300156,-0.011923039980219038,1.5482611735355538,-0.2885133345164396,-0.14983287850717558,0.31967573861929116,0.0059704980494544695,0.03775533795359021,0.47083522568131614,-0.2944986677482551,-0.1449278448158286,0.32345194272527156,0.6089312484346875,-0.11028460458097605,0.7428575648387498,-0.21417137028504762,0.049704063570434,-0.6142509271287041,-0.3265841304370761,-0.4997227750095248,0.3600724473706914,0.44425417343371143,0.37535353469070193,0.03274725479040254,0.5365941200898033
-0.042067513321913975,0.05029544779052857,-0.09765844056498056,-0.8788825317137998,-0.021565308761314086,-0.014672312897863193,1.353119565991723,-0.35967042579973235,-0.13176317844249757,0.38131946176295267,-0.010610675421741851,0.0242753973825956,0.5030352656600269,-0.03091157840045726,-0.1374954754714662,0.3958781686244946,0.6098336563724207,-0.08704692369913013,0.7581183666293431,-0.20147197923336455,0.04645060092269146,-0.6302362953469032,-0.38513670620389256,-0.4861742598255851,0.3667338260310923,0.3851376129804936,0.4102701992027549,0.03958958938336161,0.5342950009088895
-0.03606553328776297,0.05028602251557918,-0.11080700315438413,-0.8418933650568433,-0.009093396548463369,-0.009652824186815326,1.0868047115016206,-0.4015139826369,-0.1159378518419799,0.3880080493788553,-0.025676899803544227,0.012997110822044513,0.5622099774059293,0.2967646621832178,-0.09682900469963451,0.4353889827288007,0.6024013728626468,-0.08120561230688772,0.7582166919812556,-0.19266019500331605,0.03963781718324931,-0.636556567106047,-0.402723601237043,-0.4729620182381093,0.3663781436313525,0.34545400319714387,0.4342011073699491,0.045127448547954474,0.5335256801304321
-0.035165142454917135,0.03353769290107083,-0.1165455197242938,-0.7614019268312353,0.009014070041833607,-0.007430385845860917,0.9258276492988055,-0.3819015253157954,-0.08707957277217994,0.3379314774968369,-0.02857176345038463,0.0025746061920131963,0.7566535404000657,0.3337186310474398,-0.06408393209962919,0.43183172738582226,0.5938452469069531,-0.1013526446815688,0.7486708988265462,-0.1868256630681152,0.02817397711714044,-0.630395245816064,-0.3860038854628471,-0.46461474341297426,0.3562392982198693,0.35203945346646864,0.43552026802432137,0.04711955577168657,0.5345474003049183
-0.03163286252667647,0.029900433290247257,-0.11000445958744741,-0.6638806639774002,0.0013607673008741933,0.012480327298402703,0.9811050103981738,-0.3685673760134585,-0.04222413783433436,0.23686656003780357,-0.033754816644056336,-4.708896096780721e-05,1.0334112119453358,0.26231575764700404,-0.0275375652893542,0.382203667168199,0.5881946488040082,-0.1377705980741559,0.7424410325213819,-0.18146921431512308,0.01691533291535871,-0.6128371014083949,-0.3367930224150252,-0.453183174874942,0.33880474563244933,0.4106353081085558,0.412905146916018,0.04520900864985421,0.534633749392508
-0.02861053608203926,0.027703058612533495,-0.09795620365687924,-0.5370355501623828,-0.017446243533634512,0.015065973651311947,0.9853603037529168,-0.5213934952818672,-0.011547836617531119,0.08324496014980787,-0.024817209593996057,0.003976029829142951,1.3122760458644211,0.16476630556035782,0.01614057767960435,0.29453716430215515,0.5820199553342833,-0.17711018997201014,0.7261044509166841,-0.17966931762491192,0.009978688918850027,-0.593216330979283,-0.26942573868193226,-0.4464466704111181,0.31927302781577543,0.4913919461076216,0.3822241512760909,0.04116300537078745,0.5314990461803066
-0.025622221026266476,0.018582137794922016,-0.07998910638238467,-0.3821275743497285,-0.028445356543791555,0.0066892348460864445,0.9111865977796473,-0.6006565311010746,0.0010347643715193572,-0.09565024143532547,-0.000784478183883957,-0.0002216233911053945,1.5324337458706383,0.07446032953590924,0.06350121632365328,0.1899294636765921,0.5786895678056792,-0.21296905420153908,0.6924511792631033,-0.18622958513955626,0.007203057141030349,-0.577877652544866,-0.18789312429131244,-0.4489428820558815,0.29623362020498484,0.569537339656477,0.3551322822661869,0.0372709763558886,0.5293912676714729
-0.02044481082462588,0.006376877705662342,-0.05569946668171422,-0.19646797068794433,-0.03252212774200643,-0.009347797808677288,0.7607667877294559,-0.6377930344801224,0.005170467121269084,-0.2945252659860908,0.0313012815876608,-0.009782465131438937,1.6758094906681453,-0.006969848522083278,0.1161238206511211,0.07256525598216944,0.5779668134270538,-0.24645362887425407,0.6376668034576113,-0.20484785612292136,0.007984431720095823,-0.568737772168668,-0.08707471780102355,-0.46165687885471407,0.262214256188797,0.6309591870165793,0.3366022780013738,0.03533288340797743,0.5348995284742385
-0.016706889582684414,-0.012589590233276533,-0.017214599568501826,-0.007432887404958507,-0.023752373972328947,-0.02665636404382649,0.5859787915715513,-0.6230919811972431,0.0005502589249930768,-0.49766236701260264,0.06017283555527233,-0.027056960561004106,1.7338127316328114,-0.08609920755148406,0.15703559513702037,-0.0561198982300436,0.5782068613433705,-0.2757684133184729,0.5617190809171672,-0.23597121544275565,0.012307642226282965,-0.5659293080538026,0.02844357829218165,-0.48689054517835617,0.21628672242962957,0.671229763273375,0.32547047412515184,0.03482213535497361,0.5540094888075116
-0.021087370874211482,-0.026664118120235482,0.03116493889750714,0.14655408649378338,-0.009229169803532868,-0.03215683110865461,0.4872864527341275,-0.5129074028379924,-0.006465991223365498,-0.6795682135741948,0.06646639641230814,-0.034833065004879475,1.720463220636587,-0.16549936404810217,0.1739076737259606,-0.18678050813660724,0.5770660021637959,-0.29554012546534564,0.4808483944612026,-0.275841589544938,0.019402510815274054,-0.5655669347066086,0.14420053661315774,-0.5157591099985314,0.16998859542864891,0.7028736473925888,0.31553013891020026,0.03474387905712705,0.5795199483253309
-0.026600998499689527,-0.03361830165555389,0.0761431500617735,0.25681115478609257,0.006802682509535463,-0.026306702268584784,0.472834946064859,-0.3382253878634087,-0.006028256529243195,-0.8120421703194245,0.056427918037317074,-0.02991328292943686,1.6255529736109209,-0.24338599862269125,0.16606397616114135,-0.29375786670207943,0.5728950311816412,-0.3050743979931254,0.4023859937842316,-0.3209479610606791,0.029033729911096064,-0.5655059643016462,0.24813996189161247,-0.538249705751919,0.13078465325368077,0.7274118254805744,0.30442758725662844,0.03415174993129492,0.6049006890641115
-0.025903393743585516,-0.036579102243938885,0.10868341631478957,0.34094623601808377,0.022316932179509207,-0.017459041199368214,0.49305838372557637,-0.06304784169324913,-0.004877050895769656,-0.8872677520036312,0.04698838363778226,-0.02220283128243596,1.447648656966341,-0.318975785258699,0.14337836293571762,-0.3661442426186971,0.5672904277566507,-0.308262496279591,0.32461622561633,-0.3679252957332033,0.039790873928144,-0.5653521447675652,0.3386030447766384,-0.5511942928769469,0.09678356872786166,0.7432105296844073,0.29405686777248036,0.031766095152357475,0.6270554006676575
-0.023022783315172764,-0.03856102247322557,0.12453856101554604,0.36960324542482476,0.033658012694465986,-0.009997463321950168,0.5198002707577154,0.2904434325493105,-0.013494858149986674,-0.8757617342003018,0.042491515209234124,-0.02432043084916241,1.22165871731193,-0.3573372746739583,0.1143791360288812,-0.3840661903845155,0.5620979376381746,-0.30429664392958694,0.2719927897665185,-0.40004309659666587,0.047734428011911655,-0.5651621395031718,0.3860844147688145,-0.5541033298882185,0.07952779835606533,0.7426895176691422,0.2887353977424441,0.0270139037758712,0.6380095323472533
-0.023001375498708378,-0.024358936590855973,0.13359547360339577,0.33999154460971936,0.0306451358257328,-0.007600228959219787,0.6692802634584777,0.4130554530813801,-0.021644785195627098,-0.8046863738073856,0.02983328152869747,-0.025506882271816553,0.96923171877062,-0.386273823735941,0.06520270588086571,-0.366965235893514,0.560469122476632,-0.2895420269513491,0.25445287512618375,-0.41429204183150875,0.052394939240615335,-0.5664220737031272,0.396937420899904,-0.5528922474233826,0.08325729442649395,0.730882136371936,0.28659345780897133,0.017571525343130008,0.6386077246273668
-0.02384257278187087,-0.009008798027620923,0.13109483834484983,0.27911645166761834,0.02734187648514612,-0.001442763412739261,0.8954668706234734,0.39030000901955997,-0.028010148532892697,-0.7007461220295418,0.022627449555502943,-0.042370457154902064,0.8945120908538569,-0.2964939214709791,-0.02950589345900187,-0.3160550429571902,0.5585452906686584,-0.27110448316551905,0.2928598527115234,-0.4036665245806465,0.05376297128365162,-0.5685991582910178,0.36765594181628236,-0.5528955071792482,0.10589475566139536,0.7179657165614275,0.2860370485197355,0.0072987268488583345,0.6269510621721226
-0.018883025266153035,-0.0034995989869234956,0.11453932790475913,0.1596283835692066,0.023251632184342667,-0.005596212624156681,1.173946410084407,0.30238738779385604,-0.04633927971262429,-0.5856071431459152,0.04404560821424036,-0.04798402634326495,0.9263550824354964,-0.38772412545299706,-0.10484342999106452,-0.2440195026305015,0.5537650130767625,-0.247072932445687,0.3752002461808847,-0.37112325297695087,0.049814375509209134,-0.5685887687320156,0.29258387200092906,-0.5491767290827152,0.14430275141839605,0.7093213709455776,0.28654593226146446,-0.0008597807271990035,0.6077210818481311
-0.018930091095448486,0.0038035869866102656,0.09624682202170728,-0.0056672682434894955,0.00870139681778026,-0.014845789786942098,1.421379687239599,0.20567444999047063,-0.07330185503165412,-0.44667376724362073,0.06753144306492487,-0.033461223760419184,0.8952896821719416,-0.4992929003769072,-0.1183424625878355,-0.16297780645994164,0.5521227930532121,-0.22213801095138822,0.4707861659209421,-0.33570813732202126,0.04401895194962167,-0.5646154377608843,0.18941058062561808,-0.541791384725454,0.18374991127981485,0.6890520690344868,0.293624982208105,-0.004505484561519629,0.5902299604034721
-0.016522629398961205,0.018718164590811236,0.07235146143754756,-0.19511187131745344,-0.01807705859822417,-0.014341501139626525,1.600204894456651,0.11675697301792815,-0.10621883847578656,-0.28046176513637444,0.0793379943074378,-0.005743497768351281,0.790048042663328,-0.562871647165966,-0.1287415034952271,-0.07026679727427575,0.5581742555014466,-0.19394939216972906,0.5550975084929293,-0.30806768226128145,0.03945402563422222,-0.5625129755341192,0.07564008227208338,-0.5367246111638739,0.2200271972367812,0.653144317023036,0.30815842724934966,-0.005637344594902373,0.5778061225038409
-0.013306790728517818,0.03720486085831468,0.04057870345303495,-0.3965073247444084,-0.046527377713362766,-0.004894760334534614,1.6974850045735397,0.03339621026877321,-0.14181532314379258,-0.09648747071982004,0.0772180353802231,0.028093496440219717,0.6383803350903311,-0.5759328608636064,-0.13504974038001732,0.03645566403240725,0.5719277065788604,-0.15649191614968352,0.6198337566889363,-0.29028046287865494,0.03754624092252279,-0.5689938279869785,-0.04903010691812641,-0.5343705246513003,0.25253051858281017,0.5994450088376846,0.3317054383408821,-0.003777975977960742,0.5710239412551504
-0.015559643886319023,0.05033656970877084,-0.001009922041689021,-0.5889186472076713,-0.05908207934291114,0.002610666429160626,1.713962153393658,-0.05554772530382295,-0.1637366832961941,0.06617108661803998,0.06793848988253537,0.04549993886226753,0.5270386947151348,-0.53909065624617,-0.13671911570950784,0.15006816851928612,0.58866560901626,-0.11301338956592046,0.6678185624944263,-0.27888762564809355,0.0371252203231697,-0.5859046620877519,-0.18028459896360272,-0.5316076747864786,0.2783928161992448,0.5332947458453211,0.36413114272977964,0.00137641530109287,0.5687453021072612
-0.01964037733755716,0.05699966120891654,-0.042608476640913495,-0.7451071112330926,-0.05445950077312014,0.00037117791692396415,1.645108095802801,-0.14408767418245633,-0.16627037080274307,0.18971827054185655,0.0549277168749418,0.04701019928347273,0.49902468659661664,-0.403648512110932,-0.12698839708130746,0.2590940824385143,0.6014750409071972,-0.07152422346082452,0.7041140791533967,-0.26943626947586063,0.03686058874729276,-0.6075752309241026,-0.2996716128361676,-0.5252281271425085,0.29660512168959313,0.4636811844378742,0.4022541392448552,0.009782734092698558,0.5683233663868038
-0.020064184971447938,0.059778754502662415,-0.07327179043958562,-0.8438831970777966,-0.046157655238220935,-0.006537856515897334,1.4997011708553578,-0.22625063723069824,-0.15783786649616705,0.27863362218512394,0.04114667696085435,0.04115772529848568,0.5164343089245997,-0.19619254705499276,-0.10459632684359456,0.35209473402885233,0.6050008189921668,-0.036775999544188705,0.7294655870802945,-0.2605078111746264,0.0350058951309406,-0.6267388602957961,-0.38762952434651343,-0.5160604280016506,0.3079079637851023,0.39547817953355197,0.4409080030588364,0.019497130120982982,0.5680517015041796
-0.014378741975521234,0.06039518791315467,-0.08891576755590341,-0.8678172860533387,-0.04003364957173993,-0.008051105646548026,1.2738620071664692,-0.2898458254912903,-0.14376226352459948,0.335722161597766,0.030275455747567567,0.030909710902873623,0.5400531217965568,0.1208204631808465,-0.06631501327390177,0.42138026448291627,0.5983229671545547,-0.011616118576195126,0.7404092220440588,-0.2543371238038637,0.03069462069004517,-0.6403709629206004,-0.43217898660405046,-0.5054869913438362,0.312421815899298,0.33338452060889456,0.47564993272303524,0.028976695766046185,0.567901599641882
-0.008145160079063992,0.055382263750409694,-0.09851655191641763,-0.8191328831853663,-0.029892169610106687,-0.003104530193777714,1.0024346380657503,-0.3248149332040655,-0.12182920208335632,0.33969627767706473,0.021447703539187502,0.02214771064542196,0.6051503096196256,0.38309717608542276,-0.013379895175887134,0.45551036613235435,0.5858914417197589,-0.003981076282551438,0.7349079750631508,-0.25240498232185765,0.023054808059279078,-0.6450198160787383,-0.4368155848074934,-0.4969475630754064,0.30898117295416266,0.29479371841661267,0.4973662138284748,0.03700951571784759,0.5679522881012481
-0.007718944494511337,0.03239091244659456,-0.10134320523053553,-0.7312405535569816,-0.012514956874495971,-0.0032075879408039274,0.8105881951709465,-0.3453336748370493,-0.08425929456642238,0.29260897654977097,0.021959513512091817,0.013173807565886458,0.7982741283377256,0.39303255120615277,0.018397435650652928,0.44634301759470035,0.5739441237087286,-0.022666012547174017,0.7209376571326063,-0.2521625654826544,0.011742198638039878,-0.6370980396784546,-0.4093661686519211,-0.493416389970966,0.29535125496382847,0.30551260440924366,0.4943569874921738,0.04073772989596959,0.5708476033935735
-0.008612760524356292,0.019999331936215507,-0.09644357356056454,-0.620114356030184,-0.008583220367253456,0.009162977845055435,0.8013668148414159,-0.21783305098082342,-0.02306082853446412,0.21324155750346338,0.013365284012745783,0.007144358082328537,1.057811655981774,0.3246189940406737,0.038416964482632716,0.3970806376633796,0.5688513155738233,-0.05767730693913424,0.7075262258154634,-0.25346178503100436,0.001590906662179186,-0.6194508599406616,-0.35136712322445374,-0.4886537733928948,0.27692341968374123,0.3657782633337195,0.46700410974602335,0.04045648236370334,0.5722656175478079
-0.008914432781272305,0.023718686725853744,-0.07823018528085213,-0.5052328111644325,-0.03190376274646787,0.010361082234142113,0.841871023166283,-0.3709396151576668,0.006073894534130097,0.08064039979789037,0.006587012142390556,0.013404894497792407,1.3156419636726724,0.23393701432609265,0.060944760165231864,0.3065251654726583,0.5619679192716702,-0.09914783722349255,0.6917388500568986,-0.2568698703939009,-0.0049979850613769,-0.6007442055062715,-0.274140166876327,-0.4828827840031955,0.25480354640011316,0.44837490743782127,0.4297911044847047,0.0364230848402295,0.5711265526260899
-0.009526729377363515,0.015918356455063887,-0.06078843027952481,-0.359435566643338,-0.04373114679328013,-0.003034814643886288,0.7927891656446238,-0.4871338658561992,0.013613411206836703,-0.10194971678625502,0.01876659695463967,0.020873012966176063,1.5307343834746545,0.13915862666314022,0.08665906519304448,0.19564121877696647,0.5530988891105414,-0.14092098813657816,0.6618566886883992,-0.2674400216524776,-0.007066353389930641,-0.5862286597680578,-0.18857927473297778,-0.485128155375067,0.23057241941804532,0.533131155007121,0.3937634965333017,0.030255151923786455,0.5679126285756793
-0.007728585808669969,7.682644572674186e-05,-0.03594478024578375,-0.18409878688426104,-0.04192898682907697,-0.027580498829037476,0.6666267003090319,-0.5290047964852552,0.02236302638240537,-0.3034166291214956,0.04126164324617909,0.014535640388620435,1.665575846870934,0.053462465496961806,0.1199658905754017,0.07530918143790138,0.5480060218401747,-0.17872401711411384,0.6137588209990129,-0.28660202369342175,-0.005861878727458067,-0.5777081880813436,-0.08857321051121998,-0.4978790002919071,0.19880826134206092,0.6008816517743217,0.3667946190838051,0.02565152209538738,0.5682303112522308
-0.008289253287937517,-0.019418271433717882,0.004512254303300072,0.0076603117287123365,-0.02736690848247355,-0.05032345705403505,0.522466298500466,-0.5207007820514946,0.035972171849139964,-0.5238544529540583,0.06030672576985332,0.0007009120911709825,1.7205197864951918,-0.03766762058333612,0.14737099225951653,-0.066619490687125,0.5448898777300168,-0.21287081952111236,0.5437881349772129,-0.31782344724683,-0.0013376829763008767,-0.5744559211274363,0.03290223942603719,-0.5219228366154495,0.15439083398213668,0.6545117819151056,0.346614423626216,0.02306219154835863,0.5798594370885384
-0.01227045500152312,-0.02935583930603429,0.0437858526703832,0.13662633098778496,-0.013141593187348742,-0.05567491475621998,0.46431149788748305,-0.4456692877385975,0.05380326318435707,-0.6832126672331105,0.05963419767206925,-0.003336463364610123,1.6945932024433035,-0.11229327869043236,0.15456039059564308,-0.17975081617656766,0.5414660004741546,-0.23332910942684143,0.4811439422555869,-0.3503481994496267,0.005148615881987539,-0.5740272104658775,0.1323638544619225,-0.5429190880534933,0.116436594696758,0.6863098891670065,0.3334466115766564,0.021431394036928595,0.5963554609015098
-0.01614891775495839,-0.03485971102614228,0.08324815126660459,0.2430943536532736,0.003222358947354549,-0.049137508650823405,0.46883191442770017,-0.28627713507144126,0.07474314408958134,-0.8119437423997572,0.048126669982231314,0.0005619563391285025,1.5829225323704346,-0.19410697061069904,0.1465980606494195,-0.2823403522139573,0.5349781509841192,-0.24827969826157534,0.40970280891597805,-0.39051984133059064,0.014737739327688421,-0.5739450355823782,0.23246310022675523,-0.5609754236160488,0.07858071698198912,0.7101687989787474,0.31949411536492267,0.018214820479631993,0.6162671668268809
-0.014820468935143834,-0.0370156730212583,0.1096645729158801,0.31765662500893793,0.01805052513080491,-0.03674336583626349,0.5008126168596528,-0.041820365371276966,0.08660630960265155,-0.8708130471637399,0.03691946520640071,0.004533294078802365,1.386982888333169,-0.2651997086122392,0.13067732215700936,-0.3448185876166758,0.5266783809678676,-0.25612503993402364,0.34135260804909484,-0.4289453093043783,0.02475422794906014,-0.5738543775503406,0.31209524391630883,-0.5697162834288563,0.049473084642312655,0.7214367178323935,0.3073201820965916,0.01331286908536229,0.6318647020918482
-0.011102856589528216,-0.03783343257871774,0.12551714758421695,0.34456829594296245,0.03114082420176663,-0.024292007118226815,0.548032212088197,0.3005181945343428,0.07028893018391116,-0.8493427525866905,0.0268145664297778,0.0002133366335889812,1.1119803235203831,-0.30830004538888767,0.11097510566198872,-0.36472791673313043,0.5184873500834732,-0.2573671922696936,0.28741683343165086,-0.4587285992300113,0.03385270009506017,-0.5738117071082571,0.3617507753572088,-0.5716395157613235,0.03468808786629818,0.7162500213941514,0.2993475052336625,0.005977670409542877,0.6399014896829672
-0.011243118346604575,-0.021201970313642352,0.13191629781456507,0.3131100350099689,0.02875362221178497,-0.01572051351758967,0.7144599879676902,0.38495924253079833,0.05011905924486378,-0.7748121778370938,0.011133759017687837,-0.0023836025410762327,0.8721111549828342,-0.327889900716683,0.07894765949331294,-0.34877029998173326,0.5162147155886097,-0.24827434499480927,0.27647032513381015,-0.4669192710066315,0.039156791083984115,-0.5763939967731053,0.36769471106076085,-0.5699308008409961,0.043682330000450735,0.7012124406533632,0.2956278240633367,-0.004931601775453827,0.6365430767500144
-0.011348445285364953,-0.00583456578064446,0.12591132641806746,0.2443968570186783,0.027785907847697702,-0.00590186551419358,0.9823529763165225,0.33399942819464995,0.028580170707411798,-0.660043831877265,0.0064511617647501655,-0.025370487136950455,0.8161518146733524,-0.20658442196027663,-0.013102760513111765,-0.292406798697232,0.5137457057085413,-0.23151829386833989,0.328870811157019,-0.44557208499519035,0.0406848035325626,-0.5793685020473408,0.32640596985554166,-0.5706692090006071,0.07477345805465492,0.6857223413309995,0.2943625211272994,-0.016649623287134388,0.6197108600561805
-0.008864735197411622,-0.006800609108084081,0.10864788101787567,0.1340024931837562,0.027012519491021545,-0.010381965385515984,1.229302590053478,0.2570150487734658,0.0015024128444174637,-0.5660455172058603,0.03182178899551298,-0.034389501438899885,0.867827430546297,-0.3209742202917256,-0.07233659124094227,-0.22951461351372837,0.5087095919542903,-0.212992891896987,0.4033879062639507,-0.41240466934926406,0.03732709879355669,-0.5787937142092588,0.25363766470012994,-0.5672734857046289,0.11050759860052652,0.6774096243002257,0.2943247937359381,-0.02331064656711977,0.6021919618930016
-0.010020269029725581,-0.002214714976738581,0.09035842002579045,-0.033637663665018455,0.012726301980679849,-0.02023250764801895,1.4636033803400075,0.16870245997058336,-0.03377587661419018,-0.43441616781044745,0.05781957918509563,-0.02525570392774968,0.8551630257687189,-0.456357097077785,-0.0838283506983043,-0.15211216466936112,0.5073510526078229,-0.19122047095805844,0.493609657503958,-0.37553806785657246,0.032125563547518894,-0.5743378195691478,0.15204208337623512,-0.5593800814097083,0.15070321515700436,0.6580280624573339,0.29966763060448554,-0.026363183447280805,0.5859738232386169
-0.006520765026136674,0.011075188087575821,0.06772727221779203,-0.2283863217377839,-0.016627294223451196,-0.01864666058012455,1.6264648941364581,0.08943187383893957,-0.07665105242596114,-0.2694181400670582,0.07125369065899972,-0.0011936874468593092,0.7537583977548533,-0.523994088048888,-0.09439146649902222,-0.06002045316312091,0.5149295670110854,-0.16295085694810063,0.5717643988038116,-0.3480182559455665,0.028004550711996153,-0.5722769440310818,0.039712408771068936,-0.5539903654941275,0.1880852565246402,0.6213280455050086,0.3145651851807361,-0.02607703652153266,0.5755009257634636
-0.0026873717677027703,0.028966524363128434,0.03613682582773817,-0.4307618409321783,-0.04708626437429453,-0.006084256238879223,1.7016924840117984,0.015613974868114482,-0.11821174554923734,-0.0865888702046417,0.07104286050433067,0.02960717140116227,0.6075633027535253,-0.5398246606954005,-0.10144423240452671,0.04712209443151528,0.5313149498794032,-0.12369732255336142,0.6292922247814212,-0.33100395816926526,0.026599510363849745,-0.5797065805636458,-0.08371237420204719,-0.5509746175362618,0.22098021644500596,0.5649672955367339,0.33961181098615323,-0.02260722484321576,0.5708300415623598
-0.003924090144040053,0.04178695661079822,-0.006113348265651547,-0.6172598128950496,-0.05998512781504626,0.0027531892311613206,1.694882406141919,-0.06486795640279899,-0.14203117502036397,0.07137856631185116,0.06378542698227091,0.04495179231449033,0.5088133155692914,-0.49493729568801664,-0.10329646747143273,0.16084171256831648,0.550492158249068,-0.07791961527099651,0.6702876203104368,-0.3200728323735385,0.02638153490562988,-0.5978691376118909,-0.2113117677309692,-0.5474378331816114,0.24644019920598734,0.49603116579681455,0.3740632529032847,-0.015544597790927553,0.5696290650707044
-0.007324026276668186,0.04863500825372764,-0.047869845574800785,-0.7633464596432961,-0.05620631530138774,0.001407563341789099,1.607002932449513,-0.14446106728770436,-0.14712788359779153,0.1919201824798599,0.05180954298561992,0.0472033115185863,0.48601749512068776,-0.35454669182500603,-0.09395891935375354,0.26845283650670226,0.5651479144835404,-0.03452811106728484,0.7010696348005546,-0.310449034430421,0.026244076300477818,-0.6195754592728612,-0.32479703010974864,-0.5405317559598902,0.2641327073945196,0.4245940783178471,0.41305444168589367,-0.005676159582266638,0.5694907769449252
-0.006909169500009783,0.05152561091010153,-0.07832753869432377,-0.8528426375806702,-0.048581796991386726,-0.004205534132451874,1.4505379642904732,-0.21919430988848343,-0.14140571474320546,0.28112783074660674,0.03901676948066283,0.04301637833160288,0.5019521570423325,-0.1446578875077942,-0.07727837094869246,0.3586383309305806,0.571035626429608,0.0010680857714646169,0.7222339743774471,-0.30121977795623567,0.02461544113076912,-0.6384536204539698,-0.4052251282921947,-0.5311989919507641,0.27456538166879035,0.35693575346865813,0.4517565196178517,0.005233535844796449,0.5694933729950947
0.00039129177944295266,0.05074346851133294,-0.09632346727956512,-0.8571106163542731,-0.03949942551197734,-0.003154901569222992,1.1703084779931787,-0.2723511742316857,-0.12616412577566274,0.33373691491818025,0.02676763888828005,0.030269415325395007,0.5331727652266134,0.24352672124989092,-0.03978448517698813,0.4272729178889019,0.5658279946632316,0.026554503455538423,0.727131478874777,-0.29477352407746377,0.0188560966451111,-0.6516731374711309,-0.4404972726090406,-0.5193127898856161,0.27729170579443263,0.2921322486026896,0.4891487259462513,0.017150477129790946,0.569532987710731
0.004033441759733749,0.03717585791320539,-0.10602626255668159,-0.7943899094543937,-0.023453648694950174,7.848767787886789e-05,0.90405153663607,-0.29660004404840695,-0.09745320608316506,0.31965854528094895,0.021774304502438484,0.021937988317465962,0.6597251915187553,0.37553197214515294,-0.005516814297969012,0.4465347482182692,0.5564871108876371,0.026911480825048097,0.7145498904644685,-0.2931430110839657,0.009360532828407578,-0.653492990383958,-0.43220993303787536,-0.5128751474865466,0.269045351551619,0.26913529823298915,0.5036247391892215,0.025074672686888767,0.5720321601872295
0.002210799315349611,0.012392879794957819,-0.10706058663598589,-0.7090864482964285,-0.006433706717887006,-0.0008015742404132503,0.7504116240803892,-0.31288253040595554,-0.05891911184112125,0.27211634439288396,0.02275654019148181,0.012498527592463898,0.8678582750252242,0.34732310886952983,0.012674736022421515,0.42597881797712206,0.5504120798186666,0.004799468947803247,0.698626153931983,-0.2930154047341934,-0.0008919757436127728,-0.6431089817617747,-0.39688736795992646,-0.511437266560232,0.2544051121237706,0.2964126733013894,0.4929372839317485,0.02819593168461127,0.5758869692483282
-0.0012978875365249841,0.0007670753570033768,-0.09927426169326002,-0.5989053119114113,-0.0071842024642984215,0.01354099107171095,0.7517948657884163,-0.17403218204381,0.00582424288820099,0.1880609524253174,0.013537715215672649,0.007123328239226637,1.1414855617464899,0.2786581819970274,0.028609475833588135,0.36395203558418376,0.5504883665786324,-0.03383120064897522,0.684429327398114,-0.2942454521808454,-0.009552011104456642,-0.623537815975217,-0.3304084915376186,-0.5079177179133788,0.23443498470644383,0.3703402764899303,0.4595785367273117,0.02675649524108057,0.5773774623252012
-0.0056185104426296475,0.005716817460614525,-0.07912595638038412,-0.4896080759615454,-0.035061521814249784,0.014877951991070454,0.8012182162624901,-0.32684721885011764,0.0414489604473497,0.046060594751892156,0.008204457871048537,0.015517347458149758,1.397082929387041,0.19788579135677783,0.04921586889638966,0.26274995344479274,0.547149641160804,-0.07731080113838362,0.6691815714950383,-0.2976634874669236,-0.014303059019930328,-0.6051647611492567,-0.2477319354692435,-0.5022121159743451,0.21067967572774257,0.4615911167623445,0.4194929114771566,0.020949094914820325,0.5747400346818605
-0.0075643833885048195,-0.0011424999556832874,-0.05978935066036237,-0.34658402298016505,-0.05190912446552836,0.0009946276753258036,0.7561360206833992,-0.4407763097671149,0.05112661729359967,-0.13983774462522858,0.022263338602302216,0.022785482070705465,1.589075717919905,0.12043725842164793,0.0756658657851902,0.14694846763359937,0.5414304707383695,-0.11910821694714369,0.6394466242066117,-0.30709534235501473,-0.015636607410902625,-0.5930447676538217,-0.155940432893878,-0.5044650990530414,0.18584633608490123,0.5469239940812376,0.38520575671411245,0.014234376947198096,0.5704382321186038
-0.005238776478807744,-0.01801413260934603,-0.03372773340679243,-0.17795780243053946,-0.05334245702404582,-0.026867501688353678,0.6417669840768815,-0.49109789714128566,0.06025397342433746,-0.34000908281835196,0.046360464507277474,0.015530978234382065,1.7026381879338972,0.05129632890548666,0.1083960260260726,0.025532858596384315,0.539863777626533,-0.15527275546585306,0.5924701352662449,-0.3241263613775484,-0.014015169539166162,-0.5870096162405319,-0.05296464047508395,-0.5162107872184154,0.15463770979755054,0.6131890456338082,0.3611620954118057,0.00941395421270233,0.5696695402726216
-0.004840357759293452,-0.0327775769287989,0.0008830633195919544,-0.011534199520506376,-0.045915886139207995,-0.04730227041316217,0.5250945456374954,-0.500053309596694,0.06665381075682299,-0.5355227914841463,0.06104103467974517,0.004723564106905756,1.7236035307196012,-0.018293513288573933,0.13334720317256524,-0.10263616774006686,0.5390073545464535,-0.1845995508269548,0.5288656780154276,-0.35294374409119567,-0.008579056899434594,-0.5855590183092092,0.059908897805898885,-0.5332120987158725,0.11412066452999957,0.6592629042537583,0.3459538315135081,0.007241710137182725,0.580474739588675
-0.007664517110663513,-0.041051597277504834,0.04087685660541619,0.122913219434289,-0.034977946141309536,-0.052587296526287006,0.48124134870044727,-0.407364882644635,0.07503660404275,-0.7026895994576353,0.058600316366049884,0.0017834601781187749,1.6672772849002133,-0.09279262553015495,0.14140812071788572,-0.2240029966036399,0.5358530945574629,-0.2064365309773784,0.4595830715443382,-0.38956571815827035,0.00011561978717798108,-0.5859560448795365,0.1697280007602559,-0.5502252452025251,0.07328886996388394,0.6915335905143687,0.33381042456436766,0.005636622015053214,0.598574360954331
-0.008974079398776905,-0.044593286552770096,0.07570028934516729,0.22516754162204342,-0.022541081389801532,-0.049146313630296576,0.492093754739105,-0.24446518190826333,0.08062819683004786,-0.8206227396066035,0.048921739281838156,0.005885767548844558,1.5445677006977845,-0.1675118418874555,0.13809827113102505,-0.3208443739080887,0.5293511940769792,-0.22164229321641152,0.3914431768573545,-0.42761908692515455,0.010272275953477045,-0.5862949710552008,0.26688902528046776,-0.5619924001777409,0.03620269720267012,0.7133146522754183,0.32272361248343295,0.002952465901762744,0.616840529998791
-0.005730693223724414,-0.04569261946609735,0.09771090652676523,0.29835596969310696,-0.010695644009093824,-0.03830386584066743,0.5200135211540621,0.009172575609625068,0.07317100710450282,-0.8689448529355801,0.0397797353868065,0.007812374273398296,1.3380303023430806,-0.2338224016113782,0.12804764286873155,-0.3777122562530207,0.5201703938723552,-0.23013612594543656,0.32503358109452024,-0.4641418558748236,0.020652580519533465,-0.5863355126874887,0.34404865759980485,-0.565427436608715,0.006542267211965374,0.7219808045664922,0.31338064584492026,-0.0013129632652057238,0.6316142943522254
-0.001594570835910873,-0.04462845108736938,0.11170950272427069,0.320367924963015,0.0017650994668071292,-0.02700627675371609,0.5700252757417505,0.3234315032876729,0.03797326343388943,-0.8348192712329112,0.02911498882420778,0.0015765338482716879,1.0474951250593936,-0.27210912897614487,0.11125951057029895,-0.39220575413550623,0.5112902310408663,-0.23092520095958113,0.2741482022192726,-0.49138364626397874,0.02998338821847933,-0.586369137774668,0.38981453191482524,-0.5628352187844647,-0.007263043335252509,0.7128655734178392,0.308325531592781,-0.008447950677856768,0.6387906446384701
-0.0019208142207917266,-0.0257455449889933,0.11621372354337348,0.2890293042944248,0.001545114682778014,-0.01789566629195221,0.7347303763006406,0.3861582791272309,0.013553069024384364,-0.7565405611235713,0.012974596763438265,-0.0012711885787363524,0.8176058164795008,-0.28880745425487814,0.08097902805023918,-0.37290132293902034,0.5084215690893732,-0.2224241058424359,0.26754731955211103,-0.49715305632178497,0.0355532713048304,-0.589136960917147,0.3931064730098575,-0.557960954170716,0.001870591622873553,0.69521183731981,0.306493531444862,-0.018775828032287493,0.6352373768946316
-0.0026488427041853673,7.801025472737233e-05,0.11121605501511513,0.22819881097311737,-0.0026959240013194044,-0.008373013088959703,0.9788592981008175,0.3347549519488735,-0.003823028420519475,-0.6575258976386197,-0.00035495285648936463,-0.004612498370803118,0.7123985232939436,-0.26759873465406575,0.02980523498039134,-0.322740447471791,0.509569148892038,-0.20720836668664858,0.31428559823435304,-0.47647810955097847,0.03719569489061261,-0.5916823191332496,0.35587653879505476,-0.5569323454625954,0.03019667167778455,0.6763462055916784,0.3061073837532755,-0.028833319633690555,0.6206897064550518
-0.006482984692079123,0.002213004009205745,0.09569296838075697,0.1177666272977835,0.002256847035219659,-0.010794201885769855,1.253338593884424,0.25214833404517917,-0.026890003003883837,-0.5643056631280835,0.01644897113484501,-0.017308818473735915,0.7818886508693578,-0.2055057829020863,-0.03363941833955063,-0.2526011851663661,0.5042409382617205,-0.18568319089136875,0.39919689704975503,-0.437965907628377,0.03301715851026128,-0.5897654221520641,0.2764804855371277,-0.5583017296254704,0.06920280754466955,0.6659020686197092,0.30693285220702676,-0.03552808038144765,0.6019072271620768
-0.01142491800226762,-0.0021310062552751,0.07683087436416669,-0.042481539186189354,-0.0010260330249983742,-0.022152428307597453,1.4811553034247782,0.16649388115711686,-0.05227233291279627,-0.4509224540037787,0.04494123971839334,-0.012981055220810072,0.8124479869541166,-0.3810394719978517,-0.059044592532646406,-0.17100640343831366,0.5000439071452863,-0.16391653369895323,0.49070097204324775,-0.40055600089219817,0.026685080645586577,-0.5835179037488114,0.1716483635076522,-0.5546275959254848,0.10865497292068832,0.650034836298049,0.311847469913475,-0.038082350295968355,0.5870922267045176
-0.009474467685926526,0.006905726518819159,0.05699695212750281,-0.23403915119696905,-0.022741809637880386,-0.02477193987045829,1.6388515355379907,0.09218837010242728,-0.0835013927290013,-0.30249085557269173,0.05919243963775555,0.005957958561681376,0.7467189585464967,-0.47178803373798633,-0.06918113284618507,-0.07811796924326947,0.5052513997905735,-0.13866699807938374,0.5706408391969547,-0.37146081683266563,0.020745758976959496,-0.5779577016737198,0.05804142464406902,-0.5501270337760343,0.14574466263111763,0.6185024823361762,0.3246349199823594,-0.03696213658052169,0.5791790507736456
-0.004620452343956694,0.022045309937504795,0.02929399206402584,-0.4309468753723723,-0.0472292039131919,-0.015317871961057402,1.715848740901278,0.028502910716643164,-0.11714475994401138,-0.13271883416734617,0.0604589515023736,0.03670906942626557,0.628663251215388,-0.5063801834692969,-0.07634326771555662,0.02572466161647811,0.5181244755317952,-0.10542033891848482,0.630815816172297,-0.3521464457183708,0.01717972356237944,-0.5785120253827718,-0.06223961452511716,-0.5477873553106899,0.17792746000386636,0.570072758796659,0.3455976995254165,-0.03325449646474404,0.5764053298357211
-0.004879918490528978,0.03371242228035558,-0.007000115272466488,-0.6141457492119899,-0.05675627422773436,-0.005730075237880881,1.7002535803060506,-0.041466849340990694,-0.13720205783246872,0.021689386992238692,0.05342906045124218,0.05283027185739971,0.5401750747763745,-0.48149339310387734,-0.07881803647965124,0.13520195147966324,0.5338088943439379,-0.06457473263731596,0.6715941216726011,-0.3395883374505796,0.015777082901094478,-0.5904956601851765,-0.18663903444116534,-0.5439154299080443,0.2038767498214074,0.5062449866578843,0.3771841830631851,-0.02556563881358108,0.5767245605233312
-0.005561148687231556,0.03927752486794694,-0.04623173645350037,-0.7566778182851499,-0.05056849921623716,-0.005540387579004137,1.6022715972142125,-0.11736178123273197,-0.14108355229168468,0.14363829883721177,0.04369373832423156,0.05373483591114569,0.5153612727630635,-0.39380867560825755,-0.08163022834688691,0.239201845707755,0.5462168807746349,-0.024114624445780733,0.6990492228438635,-0.3287329402993947,0.014308840764772285,-0.6088716671526807,-0.2951206736645376,-0.537077382844181,0.22256284032884577,0.4361383125454529,0.4148966860234131,-0.015299759710003955,0.577490509385324
-0.00422244660697615,0.042687582832156803,-0.07573017246953591,-0.8410268922259153,-0.042337306847696196,-0.010171778181533496,1.4392410062363692,-0.19165630155927812,-0.13533603995073168,0.23428238119722186,0.03104627537560816,0.04749621044664611,0.5330226343790238,-0.2031471839526589,-0.07927023415933956,0.32734791453042583,0.5520352351715349,0.009813135522836466,0.7154905240346896,-0.3179002566388441,0.01177454114139255,-0.6261032595866083,-0.3724634988767684,-0.5273775853516564,0.23543643915289825,0.36716801267722465,0.45297207933522343,-0.0037412453088970917,0.5778768202329757
0.001579179631871846,0.043203002498081414,-0.09166563391312413,-0.8529591246221808,-0.03507884010751369,-0.009718023566013189,1.2016237328987869,-0.24841802241899372,-0.12283422255678579,0.2932749057998789,0.020745195746782692,0.03584034726594127,0.5629044831655096,0.09427448922564266,-0.05914836648792069,0.3904792712678916,0.5503110981130152,0.03277274835990841,0.7195951637512961,-0.3095036846596736,0.006981792987903588,-0.637798746936702,-0.40742047496810907,-0.5163206581396582,0.24169577531503406,0.30756106425926677,0.48598726937220893,0.007639659344180992,0.577941981356167
0.007214879050302773,0.03424191180402675,-0.10183776243212704,-0.7978305107337029,-0.022488957486596874,-0.005183094568913939,0.9287689037699892,-0.28319618210916736,-0.10056175345086767,0.2997008393120629,0.01622921449657102,0.02499525021157756,0.654404218090262,0.29822919918508567,-0.02079319407799918,0.41607445362216555,0.5450357714324362,0.03694263892081464,0.7091919960860924,-0.30600271198937773,-0.0012374974115644476,-0.641455317717797,-0.40298341750041,-0.5094150234478635,0.23906314890216535,0.2766764957912262,0.5041727054959517,0.01702355816855021,0.5785372484786518
0.007917890832769912,0.01046526225559689,-0.1037997264974943,-0.7110587855791902,-0.005969985419275706,-0.004501979766104791,0.7448372741612709,-0.30486232600615376,-0.0664380308911455,0.26154013166910695,0.018370686074889505,0.013469020549637016,0.8455513268671029,0.3139686589120121,0.0025690183832268463,0.4019499138297022,0.540839123832029,0.01939249027651364,0.6924760221036588,-0.30498899660871054,-0.011813650317613467,-0.6337195240075884,-0.369945608119819,-0.5078280053455272,0.22904975948594697,0.29303558812815184,0.49892646355887416,0.021913350894653197,0.5814794633519736
0.006611178511166664,-0.0044067912379837666,-0.09741845649846226,-0.6067859506321668,-0.0035950422274531727,0.008740624101733076,0.7272679019881131,-0.1825607958152489,0.00691424857301169,0.18968717636282492,0.013492456496494828,0.0058004387493726045,1.097935446721719,0.2587782446402064,0.01955430157827625,0.3485868877051353,0.5428879532888039,-0.014478377029062501,0.6781714213451484,-0.30481845360568727,-0.020770187988408295,-0.6172056645919951,-0.3097810529295333,-0.5051130350398441,0.21275645849381503,0.3554928630277707,0.4709506878528656,0.02214526786790301,0.5830494024075777
0.0037747159929152944,0.0003964717279909404,-0.07851157866052397,-0.5025561848777654,-0.03057816257742193,0.012682132274772957,0.7801110193749481,-0.295002045680567,0.047771423950047825,0.06270749195960014,0.00821187220910094,0.011253011673515912,1.3506465719835845,0.18615210671546634,0.04135351639031457,0.25429127948983693,0.5427502063339322,-0.055805631326328785,0.6655607382561571,-0.30618208501425753,-0.025896183892588496,-0.5997230835693466,-0.23215265877669294,-0.4985717648285778,0.19142048286039176,0.44207430012154003,0.4324915805548125,0.017876932510538346,0.5813412305399892
0.0013816287090743684,-0.005432253374180727,-0.06041011711088127,-0.3663653601993237,-0.050397727911141915,0.00038656263730790265,0.7490565845345232,-0.41818202298698803,0.05667480395415647,-0.11130282151458823,0.021618782771214803,0.019229036327923575,1.551437351247534,0.1140915985226586,0.0689189902023384,0.14234014189493596,0.5382712849218727,-0.09747878090548129,0.6401016859393468,-0.3132440126147457,-0.027610937637939825,-0.5870294814111402,-0.1459754132413559,-0.49898250517842946,0.16828167598233146,0.52862191460526,0.3971177662440244,0.012001151421297731,0.5773861897601077
0.0038154499404229624,-0.020180312834758442,-0.03769203435150433,-0.19940368198892972,-0.05634136879727672,-0.024497217905995784,0.637452354956388,-0.46953968960993153,0.066899037701869,-0.30935879416213724,0.04690653324582113,0.013835233805236795,1.6741161184846538,0.04761688083146749,0.1046779317740826,0.02142925603664942,0.5359767592270139,-0.13467350673933448,0.5959428533918737,-0.3301878366989278,-0.025742881319829273,-0.5804618125142916,-0.04652360399000787,-0.5086510306043525,0.13764646412976278,0.5986037162199576,0.37201761442082826,0.007550956913569261,0.5763093883329837
0.004786620569831415,-0.03535003029834919,-0.003971024941049581,-0.03295060214610636,-0.05277047853831482,-0.04659238545233763,0.5203874749360319,-0.4751031706630817,0.07324322021844928,-0.5061412866634402,0.06649891545688404,0.0026652565748002373,1.7121975585623597,-0.019799380371574984,0.13205282898512402,-0.1061856326092338,0.5346529348562115,-0.16531169319868036,0.5353182095291323,-0.35828478621310045,-0.020295322710826517,-0.5785949247980452,0.0629604143090198,-0.5251324033629056,0.09744814097756574,0.6486548285718665,0.3562209031950042,0.005844814411429982,0.5861780076355255
0.0018613599241256555,-0.044047361843277066,0.03166240338475845,0.0917192403663512,-0.04545266716907729,-0.054731095665820316,0.4726858184817195,-0.3931397878152709,0.07794067396311105,-0.6614440353778958,0.06865438189076992,-0.0023676344224369847,1.6752723746700833,-0.08318630747043815,0.14150068216405493,-0.21828100056464958,0.5317036444817864,-0.18690436482729292,0.47408139348861233,-0.39078244277146174,-0.012271514716668592,-0.5789003029379054,0.16181659671632084,-0.540952489807262,0.0588837164507172,0.6811330588362692,0.3454460625830714,0.005096670172593499,0.6019784357496036
-0.0007692314482031787,-0.04743226390967997,0.07082169393372897,0.207235908921227,-0.035177677356078886,-0.05343964181676034,0.4789896638087786,-0.22684929514913688,0.08067734448848138,-0.799874936986272,0.05805185792048995,0.0007416588265846924,1.5474074121355887,-0.16134566432685643,0.1388621557700753,-0.3304719509402612,0.5245346647024621,-0.20529004934147363,0.3979610872778488,-0.43367397219227577,-0.00035751045607226753,-0.5794449005033948,0.27070378506690745,-0.5540444030705814,0.015694473169484722,0.7081132506453557,0.33363851481526613,0.002850334162454168,0.6224175179036252
0.002352567462018773,-0.0473748740506976,0.0940601432807635,0.28050571082388315,-0.024939677529145686,-0.04285304742481772,0.5066468310354123,0.023539500166656083,0.0708377467762867,-0.8508388555120897,0.04662863753122048,0.002860532360921861,1.330080680487044,-0.2216153501378492,0.12851899890705926,-0.3896668398419494,0.5151112902038473,-0.21398076657132017,0.3287612406559073,-0.47224640171075377,0.010992968355143668,-0.5799227553614377,0.34935430454774885,-0.5565715953287927,-0.01600703228596075,0.7170730840379634,0.325155408348332,-0.0013947826211196468,0.6375643239301193
0.007397918193187667,-0.045510489596053604,0.10922969279992306,0.30776688297244426,-0.012175141530932115,-0.030054099360521773,0.5557118020663634,0.3252440035427334,0.04019464850726927,-0.825796535515936,0.034700645054134,-0.002981796582178716,1.042150542784483,-0.2505473702398376,0.11429052249804089,-0.40801431668087457,0.5062266344024623,-0.2158217301490796,0.27509045986810055,-0.5020012312725095,0.021372638965924375,-0.5813932944984143,0.3976887637361276,-0.553493776365381,-0.03352601785612965,0.7079496847865687,0.32099166457152806,-0.008380620093662942,0.64525130346068
0.008367559906007658,-0.023914507707963266,0.11574732546598285,0.28000475188830154,-0.011097410866231713,-0.01935787665285571,0.7390231745186947,0.35813932821802513,0.014904169608632214,-0.7471939058908227,0.016542536598103442,-0.006745580339771254,0.7987559158877543,-0.2503404651596705,0.08401679990179049,-0.388479501375916,0.5034839310231124,-0.2052393850963788,0.2697006160916802,-0.5079734537658779,0.02844527993222296,-0.5871234313477754,0.39950433849232253,-0.5480134397273113,-0.02460474270876524,0.6879756901290343,0.3201185229613012,-0.01940380940538604,0.6400451597179041
0.01118434421600238,0.006487709725652304,0.11112354827350583,0.22339394707701796,-0.013941318539059416,-0.009918565883307884,0.9858018766328804,0.3071326883136203,-0.003821002135524881,-0.6473878355000002,-0.0006049300932483466,-0.00841968294614287,0.6556813623401242,-0.253557158254726,0.04153515448267824,-0.33917503777597385,0.5048809325306168,-0.18952085751028183,0.31352175019390116,-0.48984698319309333,0.03141063633981487,-0.5921067022670082,0.36286397692021816,-0.545977532978321,0.0013866780776043354,0.6651168407014559,0.3217054731967983,-0.029791596423272875,0.6252386065976496
0.007363936580166818,0.009979134108763735,0.09473156944402186,0.129264954171271,-0.0008373671407699082,-0.006512124725810196,1.2562345878457888,0.23568552334786483,-0.02375481473511222,-0.546861890342809,0.012542177439566468,-0.02562339290114936,0.6919631515120401,-0.1316360052374697,-0.03500911338545678,-0.27018106963328825,0.5003501922796596,-0.16917601999193416,0.3936616132983644,-0.45391730038180594,0.02810511250336564,-0.5930319392532492,0.2861514658508218,-0.550099444087921,0.03734986304420057,0.648374606203097,0.32732262185583744,-0.03617702522648432,0.6061743554734205
0.0020803262534254906,-0.00405495769230342,0.07554728299560262,-0.02553812482674162,0.008329951548405018,-0.023906434834284854,1.4828988273194,0.1625379471669782,-0.04542933719892011,-0.43622908998414656,0.05121334261846463,-0.024471160849367186,0.7305940961679284,-0.3014970243411712,-0.066572631098428,-0.1889235067144687,0.49253411802267794,-0.14857949776738077,0.48366622880057747,-0.4191581455757666,0.021757690683049533,-0.5881094410109359,0.17485270917083554,-0.5468521170610069,0.07594527453340442,0.6332994323304977,0.33631332286609017,-0.03895678951963387,0.5902527255451983
0.004067254869523665,0.0030388978609975307,0.055164429147591926,-0.22226210621392775,-0.009601856839205107,-0.029523819874042567,1.6383715409403725,0.1000812456025132,-0.07586159192980269,-0.2966466048086165,0.06898461908719772,-0.0009121317276735486,0.6765042894307436,-0.3862669890386784,-0.07546865167726326,-0.09938727118675715,0.4943488697191166,-0.12137712398433106,0.5618150457115397,-0.39316113032871164,0.014012863045264974,-0.5810816111078128,0.053168630129167456,-0.5412740931986555,0.11334015507811789,0.600927445615797,0.3532404807105292,-0.039628050318001984,0.580706679204672
0.008156879826623555,0.014262346142785643,0.027748295504819564,-0.42385468908679336,-0.03049446629229732,-0.021166860244617548,1.7031767836752871,0.04115343090289413,-0.10631918625592644,-0.1434482870338224,0.07475518686390663,0.027936534121017813,0.5890187404564737,-0.4341532398776723,-0.08285468219689483,0.0014983516325458648,0.5027969657568268,-0.0835682840410216,0.6223832042159488,-0.3778525943339592,0.00785015454651255,-0.5788766294304537,-0.07466555671584195,-0.5371896742981351,0.1439599928114747,0.5511908892433632,0.38094649124863156,-0.037427649466548946,0.5772073116460713
0.010618981971925122,0.021605676620797737,-0.007237585106866901,-0.6072434611019064,-0.03844860154550077,-0.01186040001064211,1.6804058969042592,-0.022193416866650054,-0.12326405110896123,-0.007309458795042386,0.07336071045344139,0.04585927561189309,0.537005785965388,-0.41037251816789516,-0.08781974191319171,0.10728356825821278,0.5141879140117129,-0.03928631101787952,0.6664385737073548,-0.3698536006968154,0.0032174994427394414,-0.5848884405660643,-0.20097149914927134,-0.5317527541758873,0.16744232457063538,0.4896658495142264,0.4178565127062436,-0.03141030699397888,0.5765330044059057
0.013664233827441094,0.025337271830967165,-0.04290718774446251,-0.7486896483384807,-0.03380869558517378,-0.007412983840555212,1.5698165228640668,-0.08383433534740764,-0.12698017807757211,0.1009963499413694,0.06558490679026421,0.0499637061726003,0.5375594415966631,-0.304443881301663,-0.08982282896635704,0.20875956444935326,0.523421667478079,0.005913724358407023,0.6952480255519086,-0.3650851178953897,-0.0014578632043543078,-0.5960577639677346,-0.30950229905334103,-0.5236211647388281,0.1846412506857697,0.4213661050760358,0.4590288647784973,-0.021939182286362127,0.5774938328968764
0.021301166485662375,0.025123863746173487,-0.06925035393467774,-0.8281295433729629,-0.0251896083335629,-0.006607941430361258,1.3676405770852853,-0.1309860441284276,-0.12440666960277182,0.18795979293705717,0.05604404856856156,0.04451750517986629,0.5597940872599644,-0.1466767086016456,-0.08112310600441759,0.29622023228223565,0.5264464042099397,0.0471532073584664,0.7076464851529577,-0.3627599481479619,-0.0069874286677138325,-0.6078362344670813,-0.3834851136089848,-0.5145370071138328,0.19454217347632874,0.3498638324935457,0.5006473034186846,-0.010839851331982415,0.5797944829676791
0.0317405847061079,0.02435583417448083,-0.08666866110885735,-0.8248786039520435,-0.01571682077285434,0.0037885750929557236,1.0625312983575974,-0.13324225746710172,-0.11805681002660645,0.2401302581488369,0.04187070652295134,0.03186496358147103,0.5915317728986447,0.15143221190410447,-0.04592441878614812,0.3602982351127819,0.5239936878452309,0.07831491111384191,0.6982141249140408,-0.36394638914718735,-0.014546585591113,-0.6149164047818091,-0.4175186471273538,-0.5047681730850243,0.1970781027781169,0.2832161713962284,0.5368477301482899,0.0013044547239070207,0.5832511012320305
0.04069915297911476,0.00652237897660587,-0.09933052760268338,-0.7574837023363159,0.002819659530018955,0.015561271346455437,0.7674094556881778,-0.08022701658113084,-0.09546575103956399,0.2356088268773425,0.03298224884063656,0.021140193952475378,0.7380493494225377,0.22451718304161497,-0.011631760952254634,0.38118015914247333,0.5178465674968777,0.08494100583171259,0.6717758101181943,-0.3706130795995896,-0.026025892793046932,-0.6103787055641546,-0.4137879506108928,-0.4992877378124229,0.18705850568472454,0.2561711982655394,0.552204391328703,0.012317176137568449,0.5908077783259553
0.04626737846831567,-0.021792070113718524,-0.10163021164718049,-0.6637441129043072,0.020028754290440917,0.021632621787304414,0.6085062201636039,-0.018092861769174233,-0.05503726961399301,0.19454560767896137,0.02538104608862883,0.013111866009190495,0.9716997505791887,0.18801140831238186,0.00693512760843464,0.3566252357485203,0.5153285838630439,0.06831255768293512,0.6433758277298288,-0.3798462018004641,-0.03826624546808271,-0.5936590103795345,-0.37932891640235755,-0.49681137424956384,0.1689201724405458,0.2860388799527683,0.5419853526738369,0.018208493579009274,0.5972349975074598
0.05431896531866679,-0.05127411068260474,-0.09422962569929164,-0.5602556251647552,0.035397187889249976,0.023357283755623806,0.5309874992597511,0.040705928331925274,-0.01203400017369554,0.11752813119951253,0.021409813831320696,0.011252459842707027,1.224385059508875,0.1357036715693213,0.02073350734140733,0.2963219602948389,0.5188022584841439,0.04061662471310679,0.6156927357985068,-0.39019535825102797,-0.0480130052383612,-0.5734455920805372,-0.32439249352802313,-0.4979670163841591,0.1470053314624864,0.3485673251599226,0.5158545443965962,0.01807067937324236,0.5980803593065092
0.04191026637790777,-0.02093716764862444,-0.06429393976242949,-0.48479108307296803,-0.01375791143351909,0.026791737581021227,0.6102772403963304,-0.13157348696536145,0.035634253804207754,-0.006237379741630316,-0.010741561790847686,0.014044440798814626,1.4507295944303584,0.08481465256123347,0.03909211542590649,0.18064102073731986,0.5280364385289503,0.006412264669684033,0.5983675273453458,-0.4029187503730317,-0.05341804530896079,-0.556284251530033,-0.24961111079439732,-0.48738681341089024,0.11409106745953682,0.43405409100806547,0.48274896337743795,0.009322159936055537,0.5901515787451151
0.03276806585513004,-0.010975193981503508,-0.04566837570269427,-0.3824841444436577,-0.0496107048247676,0.021505080142480853,0.627423389444396,-0.21872690363076003,0.05293547582678027,-0.18560234151870467,-0.011398762365453154,0.03444738698807288,1.6112287987310376,0.037969814221426916,0.05376110967446357,0.05581830877567875,0.5218819284670152,-0.028390702198450555,0.5762040701742096,-0.4194580756077131,-0.05584410114327421,-0.5443123594159875,-0.17231655670090348,-0.4823871449815564,0.0902828524920006,0.5198042517225059,0.4537675443192026,-0.00263480261759126,0.5757244132888579
0.03322958644823966,-0.013137047496751266,-0.025832804081447815,-0.261432718216913,-0.07102532218347454,0.0012266038182103933,0.6008651885343257,-0.3080154000607937,0.06032526285746204,-0.3765838026294452,0.0003802878961488292,0.03138801844759269,1.6893785212900565,-0.003528672341138509,0.07460202706290113,-0.06516562940970248,0.5178533735813478,-0.0590899133808546,0.5396971531623136,-0.44245826983761666,-0.056444390085190185,-0.5391303176467941,-0.08422417970872524,-0.48254250569483037,0.05681983623194119,0.5903233560550152,0.43421473670384786,-0.014738486491205672,0.562505908355175
0.037559361441719216,-0.016338142776925385,-6.838869310426404e-05,-0.14113466940839692,-0.08117319883405394,-0.017960617661547894,0.5709216057041503,-0.3075447129242887,0.07032384565139507,-0.5526630374070063,0.010040979612512338,0.01650838635928693,1.6796239356426905,-0.04125059928781922,0.09071362262270444,-0.1813794403789694,0.5130573956198269,-0.08224676593690859,0.48902844263167916,-0.47341796670982017,-0.053559126602902456,-0.538057367628013,0.011953835754269124,-0.48646232762333325,0.01705622779991541,0.6425175850156393,0.422346289034329,-0.024614293936256276,0.5562475893353175
0.04481138850112528,-0.01803708776015221,0.029710302651020582,-0.03477665686794783,-0.08413534523010648,-0.02811115366080201,0.5617769540659383,-0.2832549916459671,0.08487028960176415,-0.696085770891735,0.008079973238544846,0.0013994082669699425,1.577758483585668,-0.07418731629740141,0.09757680787651958,-0.2822692151836793,0.5053302370165851,-0.09940836311272531,0.42574139024046326,-0.5114780902528366,-0.04665779447255211,-0.5407253524704424,0.10816628256196596,-0.49051560948208317,-0.026671052238996205,0.67422663571241,0.4162908894337952,-0.0325330571552031,0.5561875312927521
0.05451197116986579,-0.018375145211447928,0.05567588787750431,0.05294575463267013,-0.07775519906468321,-0.028820430641980865,0.5724846528180036,-0.1586074300103049,0.09343329137684725,-0.7813213332889541,0.00035745928866847483,-0.010465677938837474,1.3658389214727193,-0.08990903706916278,0.09798590867777095,-0.3561629615421612,0.496247494364643,-0.11084270944835624,0.35074364987323625,-0.5528089775978465,-0.03617518897353495,-0.5469615882451844,0.19633625760487255,-0.4911613850152321,-0.0715733909157441,0.6831092903054562,0.41483503249237685,-0.0395669345933711,0.5609182362776255
0.0669933160857537,-0.016685918986938438,0.07402548052059481,0.11969139731067764,-0.06725084938059922,-0.022077043840159447,0.5925559324694942,0.03203856170193499,0.07540878903683129,-0.7944885223610514,-0.007280649195875665,-0.0246315615472204,1.0610798995865722,-0.06628603500408166,0.09614764082963036,-0.39479043512299555,0.48754820370823226,-0.11509383710279385,0.277330991850313,-0.5902194740297827,-0.02437524128570108,-0.5550966200920857,0.2660158979784608,-0.4889707009400083,-0.11019753922686626,0.6704127618272688,0.41949802227491084,-0.046815993407940036,0.5645726291718649
0.08062557468788258,-0.0027254300995885926,0.09038985476017221,0.14298132861596308,-0.056265290427063304,-0.01569598048100662,0.6914359307269624,0.12427145105414435,0.025836157623908354,-0.7361582109926945,-0.019870831694806686,-0.04104058722815514,0.7240034798469815,0.043908990213671395,0.0839553203624021,-0.3977504090885632,0.4841616028201618,-0.10974010369636446,0.23253454742372426,-0.6122386427417202,-0.011918796808543661,-0.565070130366206,0.30019114637788785,-0.48470958847306844,-0.12978818794499283,0.6379645397587553,0.4319859208491452,-0.05659281952992844,0.5590500722981909
0.08991762504193514,0.023839315233113844,0.09850924635465856,0.12595773100452212,-0.04572845674822163,-0.01312351723890008,0.8916145399688733,0.10148893325907815,-0.011325571558261475,-0.6512037359098857,-0.03297751666307992,-0.05089170632390486,0.5288706051562325,0.17005125194035034,0.04835264084441089,-0.37327978667131545,0.48412918686979833,-0.09517076464281056,0.24212721270472817,-0.6113349436480541,-0.0025236551925212265,-0.5747706059591783,0.29066469562263414,-0.48316755408276635,-0.12765387936000605,0.6025675835827522,0.44842636861635304,-0.06737704810860834,0.5427351055916705
0.09786617101215093,0.05247189631093754,0.0965255209145299,0.06971355369763738,-0.03661493250669919,-0.014424528551914605,1.1357762830124942,0.05085763444512069,-0.03285222776376269,-0.5577529571983092,-0.04407837609051231,-0.05533129900441446,0.44571775477205894,0.2894316622042382,0.0028034041421374344,-0.329160543896472,0.4856181875472045,-0.0734583487917539,0.29513690005825016,-0.5904030231597355,0.0005366428867862149,-0.5780821126349066,0.24172370513847832,-0.48819708045790833,-0.1105369318504169,0.5706376441061205,0.46509068126843606,-0.07653948868993506,0.5218879372926065
0.10388253997357384,0.06482290363707466,0.08032737500559677,-0.024687470303111712,-0.022531384782442414,-0.012629689377552935,1.3557185646030647,0.0023514520678657256,-0.04936936106629149,-0.46555795341848183,-0.03870227536263101,-0.0573601671690498,0.4516590193731098,0.23164112009218568,-0.03547187319801433,-0.2693642270341673,0.4858717814292161,-0.044354482168884275,0.3678665920905446,-0.5615082217332227,-0.003770143544340792,-0.5741801429492389,0.15921968591315336,-0.5010983013811355,-0.08628477856770632,0.5420294076181078,0.4810782839052137,-0.0827112955872308,0.504175779705655
0.10426409647275516,0.0530796087720334,0.05654878034635207,-0.17666744858690026,-0.008328960803393999,-0.017380184120955097,1.517643413032069,-0.04201969429266868,-0.0731628831896676,-0.37290273673773083,-0.006341794732035456,-0.042385723036171295,0.4829330891584536,-0.03865236353876075,-0.05250149203960394,-0.19633495657859834,0.48274423358085305,-0.010219343811942163,0.45187680586893836,-0.5317473394084034,-0.014631876874207498,-0.5620085762841003,0.039843677601726094,-0.5115512939307971,-0.05487215883739197,0.5193811419293459,0.4952590170178558,-0.08467489424329272,0.4935338843473847
0.09367464033111757,0.049318916164707675,0.03459696752005651,-0.3460588197810611,-0.01010846346889202,-0.015836907883052354,1.6109512696900568,-0.08655986922934816,-0.09962088439063696,-0.28601884486963797,0.01796348772971438,-0.02093824206561098,0.495523259282429,-0.16335099285291227,-0.05433039738609201,-0.11830101443980846,0.48140710843367474,0.02410295119659428,0.5343131410632738,-0.507503709832434,-0.026037014701472412,-0.5466175983585368,-0.08595887490867073,-0.5172614963510468,-0.02333284871490045,0.488060176311142,0.5118445249162461,-0.08421640717212772,0.48920409260141595
0.08801407322347998,0.04556083170790347,0.01595989665609346,-0.506918826829399,-0.017072635703283167,-0.007323441987263746,1.622078445493908,-0.12141308257882194,-0.1197704110720062,-0.19863846017072337,0.03953758561712293,0.0009665752386387671,0.5097571511310385,-0.26955977747549087,-0.05451247827595533,-0.02979240371303831,0.4779535422334965,0.06089413710077357,0.6096102263956068,-0.4913050496570087,-0.03593691820188535,-0.5326707591144442,-0.2008052786026869,-0.5183288604642031,0.0038150703539263525,0.4509224636329361,0.5345516108485862,-0.07879393991361751,0.4887916505074946
0.08912437184007747,0.04186045137723361,-0.0018043705512712643,-0.6424280576095722,-0.02198799698720726,0.00792483342930753,1.5523631667216158,-0.1438998252336871,-0.13102353951806872,-0.11228186138553103,0.056595217565265865,0.01774762168497237,0.5356859446851875,-0.28479897689100814,-0.041748282852309734,0.06217776072548252,0.47285951935139336,0.09909315917969691,0.6659022539454637,-0.48263599095451093,-0.044303725918135965,-0.5228908188435686,-0.29550943406189284,-0.5159088496274639,0.025258379893471496,0.4048696295694147,0.5621583150530463,-0.06919850502051934,0.4917334835320976
0.09558157175292428,0.03739565623715925,-0.01897271454648662,-0.73588871567432,-0.0206236853818233,0.02714568357547274,1.3894327598719702,-0.14877413533952102,-0.13603684274926592,-0.02963746950227556,0.06963412463591061,0.025621907435671373,0.562813376928879,-0.2584804213251932,-0.025174582699640947,0.15148646345270275,0.4652352680821308,0.1387580447561495,0.6964195046720117,-0.4801612713989014,-0.05115021723837259,-0.5178507956424133,-0.3668936139837114,-0.5096555535639818,0.041625037967179306,0.3471530719979877,0.592874966788493,-0.05695186552868444,0.49819351909427406
0.10857435496770758,0.028321193072632003,-0.035125497314781665,-0.7684723332106165,-0.011251613492759301,0.049213074589824046,1.0917087531531264,-0.1164758002477687,-0.1359462928039662,0.048531633010687095,0.07992736190574609,0.022567667388172986,0.597588211404373,-0.14989842919969157,0.008398486934299359,0.235868502126589,0.4525810019065272,0.1796632497222726,0.6988254785193729,-0.483288594488097,-0.05782894390815585,-0.5146976300251093,-0.4121901210865261,-0.4996975328451354,0.05270311833561674,0.27617947426160516,0.6267269876502207,-0.0421575529603696,0.5091996923969134
0.12041705514821142,0.019230658926876535,-0.04935147039345255,-0.7308616908966796,-0.0021581305539435276,0.07223635550105299,0.7832601724911282,-0.011158765223936511,-0.1254161870326068,0.08884925906690747,0.07861569105000302,0.013209150111717057,0.6486041302878028,-0.0027666001514631416,0.06248387128428692,0.2836981753773158,0.44151191226343145,0.2035364787188876,0.6766139485800016,-0.4934132092866118,-0.06367139494341298,-0.5079089129462482,-0.42207949425050173,-0.49125656743970025,0.05592108703602889,0.22995219049111892,0.64638649460226,-0.02880560581638434,0.5191563925847351
0.12932445635710105,-0.004378558243046921,-0.06373613199551081,-0.6582474169939483,0.011413338421875006,0.08716901002853669,0.5338920343550649,0.14367869892128018,-0.09475305499675234,0.09487707126975153,0.06871069901613358,0.0064899654815747205,0.8003328480673134,0.027971838993963802,0.09907579589308112,0.29909500839615427,0.431331882508579,0.21078133132627022,0.6434598007200683,-0.5096346573141474,-0.07214693165928028,-0.4915775008184652,-0.4110494139884078,-0.4864208729057561,0.05180959199971818,0.2182734433142811,0.6515921083826632,-0.01585009464913467,0.5321037720408365
0.13372919174355338,-0.03458360455596424,-0.07024987229792716,-0.5709866609589855,0.024815888216443927,0.09279556314899456,0.4263788010033716,0.2926828851831203,-0.04638710134061948,0.06307163611736416,0.05355525711114146,0.006343172035081321,1.031388096401298,-0.019911804169217017,0.10985899338929941,0.2705506576712313,0.4299330749745013,0.19752869806738346,0.6123004155886096,-0.5274360519399844,-0.08054569839747736,-0.4685770140498901,-0.37647953530247885,-0.4839433207738927,0.037528597013191514,0.2604066636285541,0.6336597117197161,-0.00934095336177274,0.5403723113704298
0.1388089318547197,-0.04367884099068052,-0.058511543214819654,-0.4832512741224108,0.015450053538419557,0.09775204493623428,0.4414719796772487,0.1934291576539381,0.017649199788038226,-0.012617589255835416,0.026473703822013184,0.006184935219472336,1.262370412889646,-0.06937501223136179,0.11131662140471367,0.20083473853624847,0.4403974724961571,0.1730480409567809,0.5859924831436262,-0.5441477119401453,-0.08652487406944323,-0.4475006744037358,-0.32054712622341125,-0.4782701202757839,0.013112840458154591,0.33275306881880146,0.6034828198730614,-0.010575979105802824,0.5395164127969041
0.13618225384003552,-0.03524635802413474,-0.03365296759291412,-0.40429994921091955,-0.01634120599686647,0.0820798748790537,0.4801102721557788,-0.07819165398208908,0.062117523511626145,-0.14399884915749617,0.0013446009444753131,0.013019469055514002,1.446542191255103,-0.12180761619883534,0.11576045395364104,0.09114414188823962,0.4497487330915205,0.14083385547709065,0.564087379031238,-0.5566624469322167,-0.08885945023609615,-0.4326660577574135,-0.25374936284120253,-0.47160879843800957,-0.013116858809759003,0.4182492952552387,0.5696767374116277,-0.019108541275959234,0.5297290017566667
0.11485005144909853,-0.024298213758998596,-0.014226617738981722,-0.3434093906172847,-0.04567260650292408,0.06988750965888944,0.5298460306968755,-0.15604431842603392,0.07966040263510488,-0.29545146078383583,-0.015569607459303018,0.021642677946701768,1.571731672035933,-0.17391103457692683,0.121281449014732,-0.029119672750814243,0.454927636033409,0.10767010614315269,0.5413613334663235,-0.5681326662642423,-0.08917240407624846,-0.4238312269490621,-0.18380951114372668,-0.46259416021593314,-0.03595377898827551,0.510659631112271,0.5378363731520205,-0.031311248536012595,0.5119999339166913
0.10407098223209414,-0.023996297535129666,0.0012332616544500155,-0.26593935219154546,-0.06483940119204222,0.05015211395859545,0.5561898337488158,-0.25315949127161613,0.08072626279121589,-0.4475057114341922,-0.01658936870356646,0.01615748870964195,1.6263769213793167,-0.21177230019463325,0.1255779775104591,-0.13483314596772547,0.45636291944959284,0.07840107654023196,0.5126243322280776,-0.5826714271750145,-0.08635738933559621,-0.42018426722809477,-0.10511539018636898,-0.4557660733811438,-0.058808656774197846,0.5917167602390007,0.5131141356074065,-0.043317120585659626,0.49348553170479353
0.10321911743778796,-0.024852279821371857,0.017896860930191882,-0.17430996383068872,-0.07772756616677699,0.027248965757042363,0.570489511680954,-0.26597121141566793,0.07926024714873035,-0.5973483898925823,-0.01509793870507442,-0.00451875938622414,1.5845758910801204,-0.23258931065147156,0.1274940034994427,-0.23557215997304146,0.45499835315248954,0.052484339505862974,0.46534483799785253,-0.605109775775331,-0.07808875090860078,-0.4219111166028352,-0.010778069469425814,-0.4501499832928761,-0.0905744092978801,0.6555017280911407,0.49588297722504543,-0.055092682310378775,0.47841822111335813
0.10823305556485176,-0.023375476230262718,0.03336290510441182,-0.09956518973970303,-0.08571718834388237,0.013403219897071859,0.5781957525119205,-0.27583123907605667,0.08145403646437448,-0.6901987437821842,-0.01949623785720636,-0.025604492467963952,1.4606192412514425,-0.2294443922075905,0.12619027444697167,-0.30186984122209615,0.45112608853744274,0.03647547076384378,0.41279966261591483,-0.628121588283124,-0.06833840013797743,-0.42794441499820207,0.06607920002499654,-0.4453164162600022,-0.121140369410869,0.6834146929715159,0.4894621801026597,-0.06244023570854563,0.4718659632432475
0.11745637766081674,-0.021145383128435103,0.05068834572734859,-0.02511278533946359,-0.08718523481333676,0.003476962215610462,0.5870064684340814,-0.22795516977675706,0.07856279522412002,-0.7463992446477974,-0.027401012765956464,-0.05028300157146068,1.230695255366912,-0.1977625078359319,0.12161070327261082,-0.3557860708482279,0.44493878439819573,0.022742074655968687,0.34455691310956094,-0.6551341536799671,-0.05549338687144232,-0.4389320705221875,0.14307995500035617,-0.43948087684086123,-0.1571703625041156,0.6898914489100684,0.4883826293281681,-0.06822229102160275,0.46881901417698385
0.1294736922403421,-0.014097588196696997,0.06495633039014954,0.032602153205311374,-0.08262845553079928,0.0019077317187977919,0.6167305643637051,-0.11072875939118233,0.042585227993677505,-0.7312550380278314,-0.03493531832651049,-0.0763939337819501,0.8954093271069792,-0.09347140395794849,0.11126432401554337,-0.3809778712935548,0.43977194196398023,0.014838221449616013,0.27635542640385247,-0.6777590684210457,-0.04083485072831343,-0.45329402543706665,0.20312665724933654,-0.43256405019779937,-0.18889943219081715,0.6692791821339874,0.49647310241434894,-0.07304136750744845,0.4649030570336896
0.14258295273904614,0.005143342856293594,0.07962062810385025,0.060960920796256694,-0.07594147092031206,0.0017636530012772795,0.7123420324567805,-0.0593163718137299,-0.014898592054705027,-0.6707993762269386,-0.045341647893354896,-0.0949278370076959,0.5919509307298091,0.0866646747412889,0.08675677365062898,-0.381030377465424,0.43954815960099836,0.01318863582117963,0.2394066117387389,-0.6867835652396401,-0.026333732884631283,-0.46844647416906854,0.2326006918673742,-0.4265991484344071,-0.20641809361214292,0.6350513039890138,0.5108657709180592,-0.0790227217693633,0.45395645156924674
0.1482019520992662,0.03190867452948588,0.09040481141231074,0.048089940439275045,-0.06199375972599572,-0.002412233469682963,0.9009855059381365,-0.08834862575128342,-0.05744941730667136,-0.5914321470418289,-0.05738188480992452,-0.10391858683174397,0.43253028963940415,0.26599122708114026,0.038076689523887416,-0.3609095561719176,0.4416576730681897,0.019536427212927136,0.25416389133903167,-0.6750950077116296,-0.015402929215760877,-0.48219539737987466,0.2227941776365137,-0.42598462650224106,-0.20468112323420568,0.6008059820147963,0.5292618393711879,-0.08588858467881588,0.4344758349645426
0.15056574228190595,0.059168405609993195,0.09201124293788977,-0.0023483441908329497,-0.04708223824878054,-0.006592281907862767,1.1183851165250236,-0.13372182975160968,-0.07729036389817609,-0.5096726207019718,-0.0676513805666805,-0.10639035309207569,0.3756309460080712,0.4169464526309361,-0.012094173625343861,-0.32407229468472337,0.4448836419798103,0.03419496082680514,0.3063292318149344,-0.6485745797731962,-0.011929199110180838,-0.4879181704024489,0.1768868325405821,-0.433699783154794,-0.18894560441880276,0.5716721332205752,0.546579093532184,-0.09159074286500728,0.4133258571652165
0.15344801890568938,0.04973853046811255,0.0694632837488512,-0.09453752759277136,-0.015338443178488377,-0.008489183216742446,1.3005490487976477,-0.1764774988522264,-0.08770226588226852,-0.42915592282889964,-0.03659635600025735,-0.10889584598160497,0.41451088902042094,0.16408627447966734,-0.05194413695599986,-0.2652536101908283,0.44028731674935323,0.057982527088910066,0.37810433623939665,-0.6174668994466452,-0.01611590452565928,-0.48492261636037776,0.09365757915347774,-0.44823683324435504,-0.16414364194068903,0.5524389307759494,0.5604360038494163,-0.09454345892173689,0.39615428266027813
0.14205215586373499,0.04713908180974597,0.046700884957657056,-0.22551545422760685,-0.0022786428808248558,-0.010459355971501282,1.437498151597398,-0.2166488166631199,-0.10024583223955603,-0.365656523811897,-0.007853366550370512,-0.0903128644147999,0.43770792742468406,-0.033187245285546285,-0.06436832906239057,-0.20552961243677165,0.4388478064215123,0.08126255000719644,0.45968635568381255,-0.5850071000364931,-0.026268870073019722,-0.4735322734020311,-0.013161392337862317,-0.4568794881778697,-0.13219098902613566,0.5299546583166668,0.5711949675788589,-0.09514440520822146,0.3867341842051994
0.1270453452684729,0.04528932316154353,0.029381938993869358,-0.3642751559394707,0.0031167839757271394,-0.005462850122804827,1.517054006415004,-0.2531068242362199,-0.11280852615539505,-0.30699005279783903,0.01546009307044148,-0.06962999496612773,0.46425445624286604,-0.1287268651356407,-0.06715239095863108,-0.14095276503395296,0.4340864667796212,0.10354484000347215,0.5425863323349683,-0.5582986588923854,-0.03703057431116645,-0.45762975616091917,-0.11586990171884992,-0.46447082180513166,-0.10331054538275262,0.5046049591195845,0.5824394647442159,-0.09268605011440002,0.3833579166185734
0.11799594657483498,0.04226177889672757,0.01405171496027288,-0.49438280548946284,0.0027946832722987253,0.006694543767160124,1.5319561485569917,-0.2777098949589635,-0.12340037547426747,-0.24219080875943375,0.037545775542186875,-0.049781939277335714,0.48494773712585987,-0.21922764447680207,-0.0691387729381093,-0.06793537778208883,0.42708415322263343,0.12686944982382664,0.6131406759632613,-0.5394710295590843,-0.04637060104905995,-0.44222742565646156,-0.20511174305362886,-0.46882360569878406,-0.07938326561936232,0.4747639906562818,0.5961606935302075,-0.08662767098089491,0.3826315216761094
0.11620928939102887,0.03947544980354836,-0.00038612234488557716,-0.6068206985311473,0.0018772445523303066,0.026641172446955307,1.4737254109812365,-0.2845305935208711,-0.12968849378058525,-0.1723422435057172,0.05477537240134592,-0.027853444493505325,0.5008937790332446,-0.23662987079390685,-0.06898504174505835,0.008789211870431746,0.4198766792740884,0.15299228573831675,0.6630243007997995,-0.5275368381595443,-0.05444441783426191,-0.4295708678002171,-0.2784457677090169,-0.46981992653174937,-0.06014105452862402,0.4336616556362876,0.61420234376131,-0.07751736807210638,0.3853897941098963
0.12031339210318825,0.033935944068462655,-0.016078442072204144,-0.6876653564586134,0.007708152663611504,0.049930046548641895,1.3310687040935743,-0.26803609490001457,-0.13180937206237514,-0.10257224264127889,0.07075004722068443,-0.010669185011443417,0.5143680254913522,-0.2597371889426727,-0.0651985441571175,0.08365026830098307,0.4117104378425488,0.1822074621802235,0.6886191826087439,-0.5215624171044786,-0.06085416418665727,-0.420400717148973,-0.3344236774312072,-0.46672999199765336,-0.04495198508478508,0.38116024890712596,0.6355686860596025,-0.06636809800782781,0.39217934986465025
0.12853683089247536,0.026732205783246924,-0.03174529304379383,-0.7165638354934883,0.017405494075899725,0.0748118352610557,1.0830126147392831,-0.2120871725765549,-0.1283778735975663,-0.04080682074737874,0.08009797313226048,-0.0015532225584139697,0.5308993907818127,-0.22742192008334025,-0.049764554729135574,0.1503627651491777,0.40220025624415295,0.21280724191003547,0.6879885732397452,-0.5202234563253092,-0.06562145258341372,-0.4137629296146735,-0.3693306725523125,-0.460095700661146,-0.03316109637122248,0.31901169924859124,0.657302721317549,-0.053460427825117195,0.40329566276164636
0.13844394251384312,0.013835507549913521,-0.045508854110974585,-0.6856242306672242,0.026384936899607955,0.09841637510976484,0.7704129235654609,-0.08191282498325304,-0.11723419138251831,0.005720846062161746,0.08507607357189687,-0.001412255441347532,0.5746958192299798,-0.15383544938033075,-0.0003501260489836176,0.19927949243262516,0.3918282487387999,0.2377740627593403,0.6659475725028327,-0.5255632692353767,-0.06988298566648905,-0.40504836755295726,-0.3790478932003197,-0.45400344371792106,-0.025944811805249494,0.26560483147889496,0.6717956700088797,-0.03966390195357393,0.4167228761609606
0.1465340647632416,-0.007239673912756632,-0.06106003988791488,-0.6161636281603151,0.03625014837223845,0.11343826583522583,0.5133653878685223,0.12042573180257005,-0.08349756032329823,0.022113352578841897,0.08059297782166118,-0.002859765880519002,0.6922417802355497,-0.11129774669826983,0.05981756265748995,0.21891313521013234,0.3833693740731717,0.24815770113987679,0.6339632793675751,-0.5375445611399033,-0.07531761365399017,-0.38994295640561755,-0.367566206911361,-0.45197085505435447,-0.024018660244212668,0.24672049077621452,0.6723958517533325,-0.026658461152725035,0.4306281608845759
0.14907748396477818,-0.03263286568604684,-0.07148389574590426,-0.5388222007076293,0.04745631118579016,0.12138535819841914,0.3909601254390025,0.2997913178121756,-0.03397870326505727,0.001271425351885578,0.06529287549567846,-0.00016541197357180593,0.8795620451368478,-0.12967542342224217,0.0908864502054041,0.20346214912703786,0.3816988280659364,0.2415704190258862,0.6053244993406252,-0.5519385798014552,-0.08148299564689292,-0.36991629046319796,-0.34117079813729945,-0.4514722031416721,-0.029126808846501307,0.2711516875782778,0.6554931676718503,-0.01897435418281319,0.44160298693115135
0.14979812835180464,-0.05702379031088436,-0.07026890016438532,-0.4598952243252767,0.0548881936689542,0.12403882149035765,0.36023272792757716,0.415224000693791,0.014107415515307257,-0.05701570077640017,0.04294034413895709,0.0016005695086137328,1.0937364378727767,-0.16670005446791103,0.10261274446015767,0.15061918871387725,0.3905444445387628,0.22160724995320055,0.578788878772803,-0.5659468230039075,-0.087304203326683,-0.34895494729323295,-0.29704174022626323,-0.4507981280077107,-0.04397667239527069,0.3296846534616494,0.6249583601078412,-0.017892165738124934,0.44574109574593057
0.14744890099813426,-0.041768411644879516,-0.0494249065910984,-0.4005072281819047,0.02233422857368856,0.12050830153888996,0.4053167217644227,0.17067589787652473,0.05261221328348784,-0.153238044711349,0.006075739709237022,0.006352763694561105,1.2522094669669388,-0.20330544715471197,0.10916453399471143,0.06492811314312662,0.4056295538983018,0.19510383563518513,0.5660874495852547,-0.5747058938486471,-0.09014685987491178,-0.3343149209187401,-0.24109873721004282,-0.4411325148678845,-0.06457426124644333,0.4025780993923547,0.5931756430972024,-0.026134838975592496,0.43941849055889576
0.13137619043410365,-0.0379191813094999,-0.02957700789074899,-0.3584067430294157,-0.004050983269391871,0.10259075497533517,0.4361088580284085,0.013030737309133907,0.06671398429270853,-0.26994241468872415,-0.012826089299834238,0.007487569842859375,1.363746194099734,-0.243254339396868,0.11581995973944423,-0.03306605247630392,0.4144964635855568,0.1646980470252097,0.5489838235323936,-0.5803117789372213,-0.09109041558837178,-0.3252149529722191,-0.18707246542378658,-0.4341431918131724,-0.08176593502184182,0.4783065236895453,0.5621653650252886,-0.03809667126779603,0.42625691310140756
0.11856353179176718,-0.03707364002507989,-0.018209987360745968,-0.3228035896227091,-0.022544207360124253,0.0841041242024551,0.46661947419674776,-0.053562896482515485,0.07156360787579774,-0.3755101391760051,-0.022516677242898072,0.002409852632220197,1.422458237870834,-0.2765611680131812,0.11997835454810216,-0.11221892795652534,0.4209347687255416,0.14053679206964884,0.5318307199597454,-0.5851050720383423,-0.08978941230586723,-0.3214272926358288,-0.13684528104033286,-0.42544895924389586,-0.09415517802806722,0.547080764365765,0.5377066145700937,-0.049292283295886474,0.4101000218566762
0.111344463900874,-0.03362075927416997,-0.007562006317650939,-0.27066350857818444,-0.04419523828184393,0.06198592311121536,0.4946507917704891,-0.15560255380980295,0.07321026485656555,-0.49516662971527936,-0.027622426053923507,-0.011918493708369404,1.4311873598221154,-0.3052058387254849,0.12195197239556634,-0.1928362007543184,0.42519129073986517,0.11726938066134564,0.5053173243850662,-0.593268561641997,-0.08454168886437713,-0.32018408234233775,-0.06959943547787525,-0.41292466629286395,-0.10923104003814112,0.616785173948722,0.5152896071925558,-0.06113511334178415,0.3908991515780757
0.11021557525309802,-0.03029691057664601,0.0010788339573347466,-0.22138986440562375,-0.058835943959544786,0.04378652900323441,0.5077704197904316,-0.1990611807219219,0.07477145679432633,-0.5782768150078257,-0.029661864866171922,-0.030294441139429938,1.3819377847320724,-0.3111748510725091,0.12234308206090332,-0.2459420400098789,0.42496689515755437,0.10198379835960233,0.4749682996070038,-0.6028475147151365,-0.07797344997529222,-0.3203746536082854,-0.013074580780319131,-0.4035021424029756,-0.12384482861901755,0.6556048290093814,0.502384478674537,-0.06886995165195807,0.37773523618744914
0.11330761873013674,-0.026240134333290675,0.012058360062092943,-0.16402780976703896,-0.07026123308166211,0.026281329140762078,0.5138103956098888,-0.2211515464031917,0.07207595361322243,-0.6431203058008389,-0.034369691149230996,-0.05559628373156879,1.2500699286833648,-0.2909705388946374,0.11969042443587774,-0.29177316467985503,0.42028477244511314,0.08766906944302644,0.4289694146427673,-0.6166137715166801,-0.06865201162783616,-0.32334169891074144,0.04828012170389748,-0.39472879343010336,-0.14437356413476973,0.676636456130702,0.4936547855147273,-0.07511338198414913,0.36619883116852037
0.11990363178776059,-0.019525989550448257,0.024920481047105158,-0.11058413989821424,-0.07782092809189557,0.014049762885341127,0.5211519437089714,-0.21908734558278706,0.0693597406724344,-0.6671541571748154,-0.04246278704873678,-0.08124355681914859,1.0356590953333003,-0.23264908918028304,0.1125441237521636,-0.3219510538057365,0.41239739907912376,0.07570447654903235,0.3752719232438521,-0.6306704253938498,-0.05812607734685652,-0.32993846309718605,0.10261355971539181,-0.3869027152602898,-0.1674365594477463,0.6773274482380858,0.4904272018659047,-0.07917213227459975,0.3571392486999667
0.12651863467419636,-0.009342989879978489,0.03647670144409401,-0.06954454204860207,-0.08219916103731716,0.009459796604927751,0.5422542336454086,-0.19728534070936415,0.04905410040478713,-0.6518624288636755,-0.04930056829904892,-0.10113532884810386,0.804871818137054,-0.13449526374346404,0.10376123848912856,-0.3334725716017666,0.40515707751607755,0.06711482653397566,0.33126310584203605,-0.6390994036734367,-0.048457992548549,-0.3380829933294115,0.14062085555678838,-0.3804280549050265,-0.1863097153455261,0.6643160718572552,0.4908203150780899,-0.0817352397591625,0.34905272849930463
0.1344818727227192,0.008647053650118953,0.05074952189267185,-0.04131308595365122,-0.08420396880600425,0.008774336572283468,0.6163303386041239,-0.1405591681706921,-0.014507178300260873,-0.594482654214194,-0.05533884253909579,-0.11806972693054021,0.544684377132095,0.05754794422959808,0.08102990424814911,-0.326239535079703,0.3997164889478596,0.06036684613256968,0.30059069832635277,-0.6400815023786165,-0.036643803893643155,-0.34914592897190827,0.16645225039224024,-0.3746104968113656,-0.20034420130195624,0.6363281083461166,0.4967436172035876,-0.0848049006612977,0.3358248188668625
0.1383225119580779,0.028617217429082333,0.06421004745614164,-0.05071008113387627,-0.0768330771298244,0.0075909494460595734,0.7653751939270437,-0.13576455091702225,-0.0669535642220426,-0.5261508426635241,-0.06242110563474767,-0.12572922763972968,0.410759452114802,0.25015753868150065,0.03967702008834442,-0.306658086344884,0.39819185237387655,0.05934787803811155,0.3101230527902305,-0.6265961030856874,-0.028969555229290418,-0.35836944432306345,0.16227305364689834,-0.37364256119557254,-0.1997079314625495,0.6102473031825727,0.5068666768140063,-0.0892066668613056,0.31759788948909184
0.13910934140761316,0.04995985329430303,0.07130456429606741,-0.09128446668220785,-0.06300609039582966,0.00653307725234588,0.9388717377100501,-0.16442414518245366,-0.09160624664022654,-0.46101285117280844,-0.07064730775589012,-0.12750630291177464,0.3613666076486026,0.4087901347000976,-0.0027593024352024122,-0.2791820943240041,0.39781214730419723,0.06567826157627925,0.34780395624270494,-0.6026002941279608,-0.026755231948836295,-0.36284210287332475,0.13110369632334468,-0.37915206262100243,-0.18839648056077357,0.587663830718199,0.5175885606924014,-0.09382990724383454,0.29827183780919975
0.13869341870517288,0.04537451630437057,0.05923793229533871,-0.165786061566209,-0.029001840778223452,0.005630992168613839,1.0976153211327266,-0.20175318373072634,-0.1013695285374753,-0.3994647127232939,-0.04870310701826342,-0.12935638787244694,0.3842600105430928,0.2616159693698539,-0.04265885542245141,-0.2335619232809402,0.3907753172308341,0.08183936094615979,0.40718608405854806,-0.5725036984872466,-0.031197132200175268,-0.36089439281927865,0.06606567925350348,-0.3937692796876338,-0.1686719129874761,0.5706004939992401,0.5262948063583182,-0.09703233154413146,0.28074113382053445
0.12889945323673999,0.03923779724646579,0.04440569751452593,-0.2515019252776208,-0.007242185622144627,0.0037243853603488464,1.197712100119445,-0.23464201180251873,-0.10591522449863748,-0.36996754767589757,-0.022929078292221464,-0.11684763360336228,0.40971275601718915,0.10807629889825912,-0.05404926631488366,-0.1948420090263981,0.3844460678251991,0.09515264465638634,0.4643578298812771,-0.5463980483220832,-0.03979937761012347,-0.3528908800385294,-0.0056858650473093925,-0.40225243366023555,-0.14755171214427182,0.5587775362704906,0.5302388223560576,-0.09778084312527423,0.27141530426127713
0.11242169436273419,0.03667384405333423,0.03295698172801967,-0.34988349544424047,0.008539113051342511,0.006337380022777108,1.275887325487613,-0.2721221046494973,-0.10933369816846292,-0.34571960565572424,0.0004296668440029565,-0.09865302924800297,0.441715497108039,0.007483654990040884,-0.05850490924219304,-0.15318370367973294,0.37453378427665024,0.1058500356751985,0.5314134981310976,-0.5204132057841561,-0.049848166610779114,-0.33903342190981034,-0.08023554098943501,-0.40995997327312206,-0.1260426048618963,0.5443254931216989,0.533253901025502,-0.09742223982680377,0.26547865840979434
0.10251708970158481,0.03411755281913392,0.025649922508317626,-0.4411324730535368,0.016585266841570606,0.015323551718445487,1.3106700509925957,-0.30182180985127793,-0.11078748136660227,-0.3163142542321209,0.021006578596105042,-0.07824829565711355,0.4683735363349364,-0.06165798496189368,-0.061441408005410786,-0.10708380192186098,0.3622838410032035,0.11476089749237957,0.5910807559085128,-0.49998233326572217,-0.058644973483213785,-0.32307444325012274,-0.14117056568364283,-0.4158209342231335,-0.10942351566043274,0.5275876201733302,0.5363724438977668,-0.09483174074025094,0.2631153445133646
0.09897492654094937,0.031231466555487947,0.020201722833105572,-0.5126113487642011,0.020212561442749185,0.02924244940632668,1.296299653625776,-0.3149769670846307,-0.11071289682472532,-0.2835800982430225,0.03716621865662595,-0.06150448454445967,0.48351236465462044,-0.10765185584165003,-0.05925945439751641,-0.06264411361997807,0.3519195791010229,0.12335538853162106,0.6315712363610803,-0.48547007775865353,-0.06545779606745243,-0.3087504974484744,-0.18572430345694446,-0.41802001129281613,-0.09780639514622576,0.5070668772311326,0.5403154387580663,-0.09058184960633905,0.2626026380989778
0.09913889256216213,0.02669166114611914,0.01237072555994362,-0.5842142787756678,0.02547261124259225,0.05337522789722158,1.2024120877641467,-0.3071443393062236,-0.10822847244614779,-0.2337209728892839,0.05431662512392151,-0.04195840432419501,0.4881111751486937,-0.15083646563863223,-0.058459730140225874,-0.0035035628841853083,0.34130649405247576,0.1375658363236037,0.6627126694981165,-0.46980711891200255,-0.07278139055163381,-0.29117785978766225,-0.23297245352915344,-0.4148723337008571,-0.08493802409041269,0.468983130127561,0.5477374943247265,-0.08317098422443683,0.2637868188396142
0.101665021383368,0.02325218902338894,0.004278628872213222,-0.6111424129082134,0.030886884375897577,0.07345438584744025,1.071927558173506,-0.2740524458969382,-0.10392487416346967,-0.1946093018996139,0.06272282230672784,-0.029929468403468697,0.4827159274861687,-0.1717579733369904,-0.05940262508077968,0.037756363065009096,0.33555506753746367,0.15035586546759577,0.6703499079801272,-0.46044983354174335,-0.07680674857033756,-0.2799475265667089,-0.25875492283456447,-0.40801124245434217,-0.07605057660770324,0.4353167435284397,0.5534622494348037,-0.07686154360297723,0.26668668983100285
0.10623202543394573,0.01660455209139445,-0.005958286406757812,-0.6123580195064942,0.03742956936832569,0.0923332376088495,0.8860859371920062,-0.20564789561705737,-0.09777154058962736,-0.15435910856063584,0.06932683720006211,-0.019962299308696113,0.47772733431017655,-0.18183913984757658,-0.05647217590758792,0.07711761596184019,0.3299505119333098,0.16531397292916708,0.667119222676516,-0.45311619694633326,-0.08018267388980657,-0.26927849944231946,-0.27569538194738286,-0.3979754270549071,-0.0667073298665422,0.39829371595776975,0.5577646909969045,-0.06945376650071834,0.271759630517281
0.10974274538563118,0.004971761889263743,-0.017262687183616197,-0.5798861995977328,0.0431616437422035,0.10722716339082304,0.6822652984148836,-0.09368435825277201,-0.08745413199053245,-0.12253448726811234,0.07604952628946655,-0.014958216149736131,0.4932939961346679,-0.1743286769238292,-0.036838104581690914,0.10637617619304818,0.3247385930986298,0.1777171963845119,0.6555003286074329,-0.4497316820650416,-0.08265207192897177,-0.25878818348133104,-0.27689073527653557,-0.38786519800327385,-0.05879348286744323,0.37059409069555344,0.5585468168898843,-0.06161152148822606,0.2785537706937866
0.11100470028678501,-0.008398553176800713,-0.028591139693133812,-0.5293760368817262,0.04732442698909113,0.11753825922515322,0.5260749590419486,0.04936678298725703,-0.06760878816373157,-0.10961007860412787,0.08170804709578244,-0.014369288447582928,0.5449454771375299,-0.15641646035643156,0.006171853228673392,0.12066540907586873,0.32142366988779786,0.18336581430516075,0.6419044105741906,-0.4489029070477322,-0.08462015856529397,-0.24794857913685403,-0.26501761905495536,-0.3805837134156969,-0.053365086219613576,0.3612510706075874,0.5531915493860522,-0.05466870213147409,0.28450650420896856
0.11378995786417519,-0.024524992281410626,-0.04082138045747374,-0.4654184898651733,0.05182202799443728,0.12218775792697181,0.41579539508621777,0.22526029856022295,-0.031680636202516405,-0.11866019680439101,0.08191065524854646,-0.015596673932700263,0.6516629968636941,-0.1324590073257258,0.060797234012694434,0.12094674317152158,0.3202697270940371,0.18223304614053695,0.6263282537200656,-0.44973239010465615,-0.08738480655551162,-0.23330397430104896,-0.24195877930989626,-0.37529165654430957,-0.050500955044879496,0.3705894681591381,0.5395107369565767,-0.04863943483794748,0.2892338976712075
0.11610664473848221,-0.042217443494535926,-0.046635273525795204,-0.4022039849295896,0.05644734697117051,0.12312780176996713,0.36697106842151045,0.35097099915716506,0.007994043853749844,-0.15577798808727275,0.07051351635041232,-0.018040284303171106,0.7935298104455963,-0.14075506349488542,0.09422665468003597,0.10040669939092879,0.323938851060693,0.17328954899745527,0.610622714555124,-0.4511129465607019,-0.09102783487305018,-0.2152784503226329,-0.213221326336629,-0.37123803870180394,-0.053166915568049956,0.4002548246470112,0.5163732215398691,-0.045895065305021986,0.29120176288747085
0.11344583622526683,-0.03403375903996175,-0.03732845658893775,-0.3654141340030568,0.034182019055903345,0.11989609653077674,0.3781642101308333,0.20707010093533426,0.04160217994629618,-0.2146430157175358,0.03796747724942639,-0.017698132850277413,0.9149821507549929,-0.17430001754458815,0.10298970233232674,0.056145403633950756,0.33319358463662546,0.15922344682049963,0.6048402588009719,-0.4515436702722815,-0.09352199068217934,-0.19930861752040685,-0.1829159536059468,-0.36057669641277096,-0.06149312435237503,0.44576222364039886,0.48953715228786665,-0.04922325858283746,0.28830481300679095
0.10152903703008466,-0.029177026774728453,-0.026723121417735994,-0.34964550373156406,0.01257429924541111,0.10922066919690278,0.39669995635347005,0.116909579497546,0.05387660766364073,-0.28427478511103993,0.010956655639813377,-0.019133310978064765,1.0144033885201602,-0.21578793006992503,0.1033250210945595,0.0026998510419042835,0.3402126454054512,0.1430281915654374,0.5993426457868323,-0.4515114271860204,-0.0944645529880493,-0.18609735534885255,-0.15622138698591972,-0.34857180849525926,-0.06636265775647082,0.5001975812768168,0.460579307755774,-0.056139354591807994,0.2790927081685736
0.09008565705212158,-0.02799959055885378,-0.02012497286526506,-0.3364873870615974,-0.0040670252291719325,0.09646999202580084,0.41769157414598446,0.06268352269652325,0.05790429563427235,-0.35087243215536024,-0.007629239663827902,-0.02374700830348529,1.0826462147075349,-0.25332445429806316,0.10035763960672833,-0.042969728014299755,0.3462390097976768,0.12943326123451102,0.5916802470960595,-0.45074016966773583,-0.09468892085814447,-0.17599002729532598,-0.12970359079788876,-0.33438038539865206,-0.06744667502364993,0.5533859017204132,0.4345523757367497,-0.06350247737623388,0.2657277063400059
0.08267236492212016,-0.02775570097974021,-0.016418899480285177,-0.31880825376874045,-0.016890660599123457,0.08361554495082377,0.4342843252381357,0.02163010256373097,0.06113851567190574,-0.41047445464233195,-0.018244007801349674,-0.03215617276137857,1.1143567269120302,-0.2819013995162271,0.09637123795889967,-0.07919031032272796,0.3510710982953352,0.11934307742628794,0.5804577746415932,-0.4493033815118034,-0.09414054471588466,-0.1684192184312649,-0.10120346916379329,-0.32009992609193205,-0.0675754690554088,0.5964802734352026,0.4127106756781127,-0.0701763305913881,0.2507439657782949
0.07818201180752869,-0.027131041560984642,-0.013526232011229938,-0.29468914993077316,-0.027008644286137726,0.0707066095544779,0.4432865410297186,-0.015987199553293027,0.0648647079814251,-0.4652601862709075,-0.02402573115462518,-0.045303952116609876,1.101840050005936,-0.29882136509421914,0.09204918083478211,-0.11105812586097574,0.35331855645897775,0.11105841000447683,0.5624703759865142,-0.44729959466327573,-0.09194558399245757,-0.16240338396596282,-0.06867386737236604,-0.3073097018447505,-0.06830711822816689,0.6287622463729272,0.3921367581798357,-0.0765302348366318,0.2332727262808902
0.07649474362506926,-0.026169514943444702,-0.010581075814258845,-0.2732636387437389,-0.032447504841696125,0.06017838788473818,0.44299919275911404,-0.04251185601316659,0.06447537585316059,-0.49581203495327414,-0.02707490867380804,-0.05774163449013031,1.0478943853393512,-0.29447936642204536,0.08825212243796514,-0.13162293215810625,0.351823755349872,0.10498436035508356,0.5443068459616607,-0.4448109776279076,-0.08883759987864537,-0.15912588066175928,-0.04225840408274139,-0.300039164548762,-0.07052645098630748,0.643152012358235,0.37693904071901035,-0.0808136833789498,0.21886144454795597
0.0760094801532392,-0.023757647528489027,-0.006391157895984826,-0.24908269732585553,-0.03661065454142128,0.04960090400378271,0.43708948180464813,-0.06834635366128539,0.06367963258502012,-0.5128745199501517,-0.0302050105158601,-0.07052660052781645,0.9535930664413909,-0.26725731672276665,0.0840081811738936,-0.14802236111692052,0.34711617722472987,0.09838516340834533,0.5238271803559709,-0.4403336953970873,-0.0847324505307651,-0.1570924300949582,-0.01542988312835976,-0.2947344388449858,-0.0745715748087449,0.6491907505690441,0.3617480228957892,-0.0845644796153971,0.20380428485431398
0.07641636969703434,-0.019580071865082493,-0.0009743972164536737,-0.22529305880465955,-0.039473052937065434,0.041202609215465265,0.4291322978838289,-0.09021513846384252,0.05811726047339517,-0.5117375550986972,-0.03295301479447641,-0.08134433127897961,0.8367174148694158,-0.21582016023867318,0.07935749090550226,-0.1563970693782621,0.3396226037212175,0.09184418582782251,0.5058120766307711,-0.4332057607913929,-0.08044965901479698,-0.1563417830774848,0.007405020632943326,-0.291554997664133,-0.0792689843135077,0.6480661928034049,0.3480513311713662,-0.08728780719506746,0.19008708608182245
0.07649908115205865,-0.0135087485478968,0.006345187517000849,-0.20453507825227057,-0.04244445275985526,0.03545393630779516,0.4262267170990685,-0.10694888553948992,0.05059511730386199,-0.4943773022296842,-0.0352684223168362,-0.09047521599349627,0.7146011690229745,-0.14634037360429433,0.07256462750599575,-0.15638456696215505,0.33001525589391895,0.0850152642940089,0.49283584842227457,-0.42286487016630925,-0.07651416160222739,-0.15609230599179713,0.02557700047176659,-0.28996978602899653,-0.08332150112506999,0.6426299032809072,0.3352504377287463,-0.08901576768489455,0.17759423709220734
0.07585826561458886,-0.005382246825757036,0.01524548711268849,-0.18952523336923627,-0.04691010885583073,0.03244951590662649,0.43460358748659167,-0.11847303670803049,0.04140499669106103,-0.46553542590355607,-0.03707442866303228,-0.0980578106683307,0.6045138114774201,-0.06408028007021584,0.062434782250752614,-0.14812774554285751,0.31941662901288387,0.07790171503202453,0.4866755795969676,-0.4095573407249071,-0.07321553702544809,-0.15592410257972278,0.03861906386345091,-0.2894296803161274,-0.08569791429672481,0.6356998506991544,0.32318423054197226,-0.08976043858134813,0.16631927149128056
0.07476885771602555,0.004665274182952692,0.024929694669737948,-0.18218586529657627,-0.05335890188128788,0.03213522930243118,0.4575268303599138,-0.12597109796144565,0.02862282926910994,-0.4302881993027564,-0.038314091359926424,-0.10424552130524796,0.5168226834748555,0.029169317909145655,0.04771108875171132,-0.13254752180873056,0.30897922139995115,0.07107849295265896,0.48697635354027463,-0.3942630973321643,-0.07052883232968021,-0.15577579654481935,0.04626352272199733,-0.2893206495638341,-0.08645364922616523,0.6290795736127183,0.3120578747673471,-0.08994213901424115,0.1563256540113994
0.07373453099895001,0.015468331284275813,0.033634348741925044,-0.1844437112257955,-0.06059203759644056,0.033770584161556934,0.4936379404006632,-0.13266213619796943,0.011064565845226356,-0.39604243522886845,-0.039706320718238715,-0.10729752092289666,0.4560657664420869,0.12144875265508835,0.030614727420023385,-0.11446832539302179,0.3002598339596051,0.06579639297466419,0.49209865605920405,-0.37946527934256974,-0.06865971947910023,-0.15564427536825082,0.04871116554247466,-0.28951273269691796,-0.08553419312510234,0.623468397226201,0.302853151965793,-0.0899634974681421,0.14778908752474773
0.07345108259311009,0.02314405284747804,0.039912843051584504,-0.20110152780090693,-0.06269040849103599,0.037574532604361804,0.5586378939321135,-0.15027852495775793,-0.01760007977841728,-0.35505426492457065,-0.037892613454006234,-0.10695757918642382,0.41371687831204007,0.127904056566382,-0.008454240878862571,-0.0892926674655903,0.2883830883815736,0.061809186349800996,0.5061528280836589,-0.36018294847757215,-0.06741194674692198,-0.15532609801226202,0.04452723820681013,-0.29202971014791973,-0.08159753343797342,0.6185410745180522,0.29218106411420414,-0.08992983390406431,0.13653242166247598
0.07070672754020525,0.023431364450835157,0.03808678425221542,-0.22969520125269802,-0.05250082964667447,0.04009765689114362,0.6310249812217914,-0.1762678676852998,-0.03775066732070571,-0.3362956723810417,-0.028519748290819418,-0.0982711105177754,0.401015519904062,0.06171534506017603,-0.03426608268093631,-0.07143038063724216,0.27767048195934046,0.05910052386962239,0.5263894501683277,-0.342301098071097,-0.06712421078623712,-0.15416309813536402,0.03217453511589846,-0.29371525272683635,-0.07608628148079809,0.6193221536220631,0.2836047472075385,-0.08990070790459002,0.12640527145397026
0.06126594590062988,0.028442796295701768,0.03474830942429831,-0.2716356135992042,-0.0364290183071552,0.04212866970866584,0.7187670438605042,-0.21955758744584813,-0.050603390730097994,-0.3253668596080102,-0.016975115645258502,-0.08660907255307751,0.39708815065067904,0.004258549882034562,-0.04987706551234138,-0.05448930427818723,0.2635376286822973,0.05365759850733512,0.5597239226451914,-0.317390793931151,-0.06805211123586272,-0.1508187331487582,0.014968291810452134,-0.2947138027876391,-0.06858157407261503,0.6208590545977375,0.27333161128913763,-0.08989957356321056,0.11307997599230578
0.05413479103938187,0.027450253043840748,0.03171644066889962,-0.2966288641096454,-0.0223925850313367,0.04234093294266188,0.763772728579625,-0.24621711267510954,-0.053691042743637826,-0.32536547317656156,-0.005883409214326287,-0.0842722221650361,0.4038138199371677,-0.015553642700602187,-0.05756128998918125,-0.045083464962618426,0.2520587821189424,0.04890899702797637,0.5827685640568095,-0.3013705439671266,-0.06936110594960547,-0.14716784500025198,0.005801076281576921,-0.2964966636102108,-0.06470286022090667,0.6227542003959031,0.26708555452642235,-0.0898672450968559,0.10491672865143632
0.04592868033664516,0.025953204539718944,0.029436675616764406,-0.32390570127269086,-0.008144431785545463,0.04058621663797943,0.8039063275385672,-0.2750482425805882,-0.05513449645865114,-0.3239009231835419,0.008079414748199072,-0.08888642242324792,0.41240886905666024,-0.024266552251613085,-0.06421625397038662,-0.0316185760654768,0.23655846263655644,0.04084916810733068,0.6090835600191825,-0.28117840584798626,-0.07157020758932299,-0.1407489473199017,-0.0011301255732760066,-0.2978016252009564,-0.060885004612577696,0.6250074571594023,0.25958450230422503,-0.08972098302272043,0.09529657737540084
0.04178514307517415,0.02621211094758504,0.027696080929428213,-0.3428419909473405,-0.0015229450829575201,0.04061478583868494,0.8141095403641938,-0.29089916564900065,-0.055294150723027014,-0.32045874513188777,0.016152285084594313,-0.09203328332962032,0.41441990985088434,-0.030449396602864397,-0.06788535128193386,-0.01938188330235876,0.22466511659361735,0.034267565830862705,0.624674444553085,-0.26409573388982704,-0.0737345006299766,-0.1334324512629204,-0.0032513509428705603,-0.2980469696779115,-0.05862276473342483,0.623515998214199,0.2532159584244558,-0.08894343362848997,0.08853564309547926
0.037885827963913946,0.025474087648882593,0.02538309494059133,-0.3556901344699297,0.0027328341284193073,0.041338431634172834,0.804193086199492,-0.29885759050598015,-0.05491131574776561,-0.31782564652270534,0.021634888845904938,-0.0932727939138288,0.4152245259228672,-0.035180945752707284,-0.07081683822545674,-0.008386916520325395,0.21530547507557107,0.028977463781740504,0.6332371742345487,-0.2478662356719604,-0.07559815815720389,-0.12556332863493186,-0.0034576629444183775,-0.29739884441395914,-0.057051984434774834,0.6200109199650763,0.2465688455436221,-0.08762178266044852,0.08351856712939099
0.033987005342651345,0.023598740256387474,0.022605359164993358,-0.36123882766071336,0.0060477504505201144,0.04192585699436565,0.7772559995894378,-0.29861312568283244,-0.05407589499635825,-0.31652179266663577,0.02539995672859824,-0.09301244085758624,0.4159867637953797,-0.038634440264180864,-0.07230740150770625,0.001437170125824823,0.2085819053651791,0.025081921141278128,0.635846792863799,-0.2313511678038057,-0.07693487108246733,-0.11729378394830252,7.282638515553985e-05,-0.29541654134465894,-0.05607897316131912,0.6158352963199154,0.2384301720376374,-0.08590010818105319,0.0799322575759866
0.03002951179368849,0.020998413273726247,0.01986706541422886,-0.36129276955531026,0.008620503189299139,0.04173469290289405,0.7445557460029921,-0.29340275966548607,-0.05281491838815128,-0.31619191224157067,0.02800135187013993,-0.09219057723675704,0.41703153408213206,-0.0412357977718336,-0.07256732713413788,0.009937242658834942,0.20437399521125388,0.02232112338000836,0.6353418171372579,-0.2150292414739943,-0.07763686081983687,-0.1096305968205338,0.008021276540412965,-0.2920723941834345,-0.055226619765487144,0.6126443522033964,0.22902440392816223,-0.0841178233858838,0.07744238401593177
0.025963515459059863,0.017910724760544852,0.0173076172823193,-0.3564593465867888,0.010384981964566237,0.040450461395097996,0.7089312404488799,-0.2857929023733182,-0.05049540834482678,-0.31707215298380614,0.029907435102409508,-0.09121795813387408,0.4186171617584485,-0.04331416218473518,-0.07185201505029037,0.01814847537031025,0.20249885858251035,0.020406294183135654,0.6324109996430352,-0.19853151064075047,-0.07791085163556906,-0.10289885005615974,0.02081444654356849,-0.28738866571056676,-0.05433833894771133,0.6104823206704253,0.2183569458191009,-0.08233645868495294,0.07600717342672057
0.02174914369614796,0.014137479558518566,0.015044429685645396,-0.34774145856618266,0.01148735895791347,0.037911892262086695,0.6716556070718218,-0.27586928203222694,-0.04683427906731035,-0.319693799988105,0.03156995295752225,-0.09043276247542544,0.42141522758907646,-0.04525342645665,-0.07024612084707886,0.026647563338834085,0.2023676913594124,0.019473992368762273,0.6280006300639878,-0.1822110388566167,-0.07800573949060216,-0.09712139966710351,0.037751596938905584,-0.2815293573175867,-0.053347018120279394,0.6093936468778148,0.20686728990854109,-0.08064051732653692,0.07542900452534357
0.01759134407627627,0.009301244669149045,0.01326031774377367,-0.33650460570310037,0.01233723174657228,0.03419471728364385,0.6339007423131033,-0.26499305710998355,-0.041768028059128486,-0.32428683674036457,0.033521717123733814,-0.09035907792674847,0.42604450002399125,-0.04754062217056903,-0.06788484909283993,0.03578515078610372,0.20343750313210926,0.019259607741317863,0.6227575612425184,-0.16660542663623928,-0.07801275315379935,-0.09209696303121473,0.057732926189167866,-0.27481983786897746,-0.05219772165340061,0.6091068561792862,0.19478148814315566,-0.07906348258309885,0.07524126617638975
0.013503371549960522,0.0029926951358518953,0.01206631952400474,-0.3236607326442312,0.01345316377476528,0.029300346706636414,0.5952027184151552,-0.2559148432574372,-0.0349959629410286,-0.3308314689140432,0.03635329631627643,-0.09153168020826402,0.4329390790028028,-0.050580142567227954,-0.06493455830253865,0.045845135139171295,0.20536568697326177,0.01923661898841171,0.6172115215475378,-0.15188390588792158,-0.07795392680802807,-0.08769851623137195,0.07965650964600349,-0.2676766252596628,-0.05090134711548024,0.6093596723566957,0.18223405789945754,-0.0775611733927167,0.07519151162160344
0.007393408291538786,1.5881129328183338e-05,0.010998768086824501,-0.3155299157004839,0.011037570020698488,0.02624087291700329,0.5694703042678709,-0.21691858082461996,-0.012198822629505671,-0.3371145055889758,0.036314154459391325,-0.09235527854383602,0.4415054932814411,-0.05413921157195015,-0.061386717087378355,0.056189731741915244,0.20867565377320685,0.019427859666000986,0.6135177509783007,-0.13839396161058576,-0.07785037880227454,-0.0838610936128006,0.10142103288617077,-0.2587582509817734,-0.04908495080006449,0.6114300047743416,0.17006363713324152,-0.07605177618322287,0.0752424108101287
0.002448046707333619,0.0027674536348977537,0.008368143244268952,-0.30940947885227343,0.0037949819011944396,0.029198889262680997,0.5530773550148467,-0.1880092147590656,0.0075932758186739386,-0.3431232389578165,0.029910430306038606,-0.08945356438426796,0.4504362630060896,-0.06253786255643717,-0.056136573970729436,0.0697980876492385,0.2128988474365672,0.020459351794544552,0.6125373166262094,-0.12632513745161628,-0.07769618727478125,-0.08040386758139438,0.12329948682815071,-0.24792449293383395,-0.046291875442303884,0.6138442405506268,0.15747202936119875,-0.07464792995341436,0.07540235633137875
-0.00044885885901483,0.004593030195967671,0.005298985593357161,-0.30357931418509987,-0.0037005425756393645,0.03465542417615632,0.5353335965986477,-0.18166677699011685,0.014943211627631198,-0.3519328414755578,0.02260827940824612,-0.08305039673769167,0.46113284717374,-0.08505538071728588,-0.047716955889860684,0.084760201222571,0.21585642419938877,0.021432094484894026,0.6126090494939261,-0.11606503789942191,-0.07735098441168554,-0.07783735353098928,0.1441660111128348,-0.23809288373628695,-0.043604048147104196,0.6157455641924562,0.14493004950296506,-0.07367997603428489,0.07595875020747965
-0.0029962040344080646,0.003798355797318193,0.0026720660142547236,-0.299559831620809,-0.008763436659378045,0.03928398418561925,0.5168450114163077,-0.17380009874312058,0.019685432908770433,-0.363676300265238,0.017959408494705908,-0.07534960739931966,0.4751429386052148,-0.11749511573925195,-0.03459355078394119,0.09902928802236323,0.2174655244651472,0.021953153503314282,0.6124419048323708,-0.10761053225905805,-0.07675072477997355,-0.07638199498910979,0.16234359030532425,-0.23019037260091685,-0.041476468276826314,0.6178892958432083,0.1323529836223434,-0.07318082969649681,0.07665585517995493
